,n_in_2_pow,n,seq_time,seq_grain_size,seq_speed_up,simd_time,simd_grain_size,simd_speed_up,par_time,par_grain_size,par_speed_up,par_simd_time,par_simd_grain_size,par_simd_speed_up
0,5.0,32.0,9.5284e-05,2.977625e-06,1.0,4.8032e-05,1.501e-06,1.983760826115923,6.8972e-05,2.155375e-06,1.3814881401148291,6.0243e-05,1.88259375e-06,1.5816609398602328
1,5.0,32.0,8.8536e-05,2.76675e-06,1.0,5.3122e-05,1.6600625e-06,1.6666541169383682,4.5569e-05,1.42403125e-06,1.9428997783580944,4.4655e-05,1.39546875e-06,1.9826671145448438
2,5.0,32.0,8.8234e-05,2.7573125e-06,1.0,4.7435e-05,1.48234375e-06,1.8601032992516073,7.0998e-05,2.2186875e-06,1.242767401898645,0.00029812,9.31625e-06,0.2959680665503824
3,5.0,32.0,8.8044e-05,2.751375e-06,1.0,5.3033e-05,1.65728125e-06,1.6601738540154245,0.000272913,8.52853125e-06,0.32260830374514954,0.000269583,8.42446875e-06,0.3265932940875352
4,5.0,32.0,8.8074e-05,2.7523125e-06,1.0,5.3106e-05,1.6595625e-06,1.658456671562535,0.000278762,8.7113125e-06,0.31594693681348246,0.000814924,2.5466375e-05,0.10807633595280051
5,5.25,38.05462768008707,0.000110263,2.89749254484751e-06,1.0,4.0146e-05,1.0549571089617383e-06,2.746550092163603,0.000213492,5.6101455464170635e-06,0.5164736851966351,0.000226913,5.962822758577067e-06,0.48592632418592147
6,5.25,38.05462768008707,0.00011031,2.8987276114574145e-06,1.0,4.025e-05,1.0576900223113128e-06,2.7406211180124225,0.000245046,6.439321967883179e-06,0.4501603780514679,0.000237537,6.2420003684413e-06,0.4643908106947549
7,5.25,38.05462768008707,0.000109813,2.8856674390080048e-06,1.0,4.0265e-05,1.058084192505963e-06,2.7272569228858807,0.000262551,6.899318585039937e-06,0.4182539773225012,0.000349473,9.183456028998794e-06,0.3142245609818212
8,5.25,38.05462768008707,0.000110492,2.9035102098191697e-06,1.0,4.0191e-05,1.0561396195456889e-06,2.749172700355801,0.000371972,9.774685042961085e-06,0.2970438635166088,0.000398119,1.04617762482623e-05,0.2775351088493641
9,5.25,38.05462768008707,0.00011015,2.8945231293811453e-06,1.0,2.8564e-05,7.506051626658469e-07,3.8562526256826772,0.000400129,1.0514595054345423e-05,0.2752862201939874,0.000339155,8.912319491105423e-06,0.324777756483024
10,5.5,45.254833995939045,0.000141711,3.131400283397714e-06,1.0,6.792e-05,1.500834143068447e-06,2.086439929328622,0.000347831,7.686051837715563e-06,0.40741337028614477,0.000306496,6.772668750204752e-06,0.4623583994570892
11,5.5,45.254833995939045,0.000135978,3.004717684130761e-06,1.0,6.7676e-05,1.4954424538618995e-06,2.009249955671139,0.000351553,7.768297195202322e-06,0.38679231865465524,0.000328929,7.268372700903434e-06,0.4133962040440338
12,5.5,45.254833995939045,0.000137802,3.045022770658394e-06,1.0,6.7893e-05,1.5002375217218208e-06,2.029693782864213,0.000343458,7.589421276649038e-06,0.4012193630662264,0.000421611,9.316374910088795e-06,0.3268463109359101
13,5.5,45.254833995939045,0.000137383,3.035764091242233e-06,1.0,6.7523e-05,1.4920615995643514e-06,2.0346104290389944,0.000356179,7.870518319257602e-06,0.3857133632246708,0.000413731,9.142249865221609e-06,0.33205875315120215
14,5.5,45.254833995939045,0.000137482,3.037951702846529e-06,1.0,6.7669e-05,1.495287774253515e-06,2.0316836365248485,0.000397036,8.77333899922444e-06,0.3462708671253992,0.000432527,9.557586710821057e-06,0.31785761351314484
15,5.75,53.81737057623773,0.000170272,3.1638855294647397e-06,1.0,6.5197e-05,1.2114490043255066e-06,2.6116539104560026,0.000484165,8.996444731801444e-06,0.3516817613829996,0.000482724,8.969668990352712e-06,0.35273158160770957
16,5.75,53.81737057623773,0.000170828,3.174216766276326e-06,1.0,6.5325e-05,1.2138274185555118e-06,2.615047837734405,0.000478792,8.896607078224732e-06,0.3567895871276045,0.000462027,8.585090558177536e-06,0.369735967811405
17,5.75,53.81737057623773,0.000175488,3.2608059093374617e-06,1.0,6.5322e-05,1.213771674471996e-06,2.6865068430237904,0.000479942,8.917975643572438e-06,0.36564418200532567,0.000475532,8.83603184080428e-06,0.3690351017386843
18,5.75,53.81737057623773,0.00017061,3.1701660295408475e-06,1.0,6.5293e-05,1.2132328149980105e-06,2.6129906728133183,0.000512505,9.523040507413587e-06,0.33289431322621243,0.000528202,9.814712133729176e-06,0.3230014274841822
19,5.75,53.81737057623773,0.000169379,3.147292373938217e-06,1.0,6.5051e-05,1.2087361255944065e-06,2.60378779726676,0.000487872,9.065325837665743e-06,0.34717917814508725,0.00048244,8.964391883779887e-06,0.35108821822402786
20,6.0,64.0,0.000175809,2.747015625e-06,1.0,7.0698e-05,1.10465625e-06,2.486760587286769,0.000508618,7.94715625e-06,0.3456602007793669,0.000506835,7.919296875e-06,0.34687620231436267
21,6.0,64.0,0.000174521,2.726890625e-06,1.0,7.0407e-05,1.100109375e-06,2.478745011149459,0.00049967,7.80734375e-06,0.34927251986310964,0.000469929,7.342640625e-06,0.3713773782848047
22,6.0,64.0,0.000174842,2.73190625e-06,1.0,7.085e-05,1.10703125e-06,2.4677769936485534,0.000534332,8.3489375e-06,0.32721603796890325,0.000530508,8.2891875e-06,0.3295746718239876
23,6.0,64.0,0.00017324,2.706875e-06,1.0,7.0059e-05,1.094671875e-06,2.472772948514823,0.000530433,8.288015625e-06,0.3266010975938526,0.000533493,8.335828125e-06,0.32472778461947954
24,6.0,64.0,0.000175858,2.74778125e-06,1.0,7.0527e-05,1.101984375e-06,2.493484764700044,0.000527493,8.242078125e-06,0.3333845188466956,0.000450701,7.042203125e-06,0.39018772978094124
25,6.25,76.10925536017415,0.000219816,2.8881638502407895e-06,1.0,7.9583e-05,1.0456415533615057e-06,2.762097432868829,0.000521109,6.8468545321319985e-06,0.4218234572805306,0.0005363,7.046449179696361e-06,0.4098750699235503
26,6.25,76.10925536017415,0.000220664,2.8993057277429013e-06,1.0,7.9499e-05,1.0445378768164852e-06,2.7756827129901005,0.000509376,6.6926945690043135e-06,0.43320454831008925,0.000461361,6.061825172466703e-06,0.47828923554440017
27,6.25,76.10925536017415,0.000218999,2.877429281939816e-06,1.0,7.9562e-05,1.0453656342252505e-06,2.752557753701516,0.000474457,6.2338936014379945e-06,0.46157818305979254,0.000442249,5.810712480461562e-06,0.4951938839884319
28,6.25,76.10925536017415,0.000220145,2.892486583375453e-06,1.0,8.3703e-05,1.0997742600934636e-06,2.630072996188906,0.000442581,5.815074630615691e-06,0.49741177321213514,0.000475468,6.247177136997706e-06,0.4630069741812277
29,6.25,76.10925536017415,0.000220328,2.894891021562819e-06,1.0,7.9655e-05,1.046587561828666e-06,2.7660284978971816,0.00039714,5.218025036779066e-06,0.5547867250843531,0.000449605,5.907363012189787e-06,0.49004793096162186
30,6.5,90.50966799187809,0.000274992,3.0382610620632977e-06,1.0,9.9722e-05,1.1017828505232015e-06,2.7575860893283326,0.000337384,3.7276017853725333e-06,0.8150712541199346,0.000359211,3.968758343387514e-06,0.7655444849962835
31,6.5,90.50966799187809,0.000275053,3.0389350232141163e-06,1.0,9.9651e-05,1.1009984039378225e-06,2.7601629687609757,0.000421841,4.660728620039287e-06,0.6520300302720693,0.000376609,4.160980902435695e-06,0.7303410168105382
32,6.5,90.50966799187809,0.000272374,3.0093359752953853e-06,1.0,0.000107413,1.1867571982436035e-06,2.535763827469673,0.000341759,3.775939162992708e-06,0.7969768169967725,0.000245062,2.7075781564240265e-06,1.1114493475120582
33,6.5,90.50966799187809,0.000278427,3.0762128088347943e-06,1.0,0.000100079,1.1057271805370076e-06,2.782072162991237,0.00026636,2.942890034950762e-06,1.045303348851179,0.000235111,2.5976341004929744e-06,1.1842363819642636
34,6.5,90.50966799187809,0.000274177,3.0292564991466254e-06,1.0,0.000100323,1.1084230251402812e-06,2.732942595416804,0.000285203,3.15107773929292e-06,0.9613398176036018,0.000259153,2.863263182263083e-06,1.057973475128592
35,6.75,107.63474115247546,0.00034264,3.1833587959729093e-06,1.0,0.000103108,9.579434938570356e-07,3.3231175078558404,0.000223105,2.072797292130329e-06,1.5357791174559066,0.000216097,2.0076882025839297e-06,1.58558425151668
36,6.75,107.63474115247546,0.000344659,3.2021166800759595e-06,1.0,0.000102206,9.495632999685009e-07,3.372199283799385,0.000230819,2.144465602170415e-06,1.4932002998020093,0.000232567,2.160705711834671e-06,1.4819772366672828
37,6.75,107.63474115247546,0.000344249,3.1983075010357164e-06,1.0,9.8229e-05,9.126142632781429e-07,3.5045556811125023,0.000235779,2.1905473778767704e-06,1.4600494530895456,0.000161994,1.5050345108418032e-06,2.1250725335506253
38,6.75,107.63474115247546,0.000342957,3.186303941718658e-06,1.0,9.8341e-05,9.136548195037702e-07,3.4874264040430747,0.000159388,1.4808229972347947e-06,2.1517115466659975,0.000144931,1.346507628003589e-06,2.366346744312811
39,6.75,107.63474115247546,0.000343693,3.1931418826299236e-06,1.0,5.7609e-05,5.352268178764981e-07,5.965960179833012,0.000192068,1.7844424387839269e-06,1.7894339504758732,0.000164922,1.5322376235974904e-06,2.083973029674634
40,7.0,128.0,0.000355237,2.7752890625e-06,1.0,0.000106763,8.340859375e-07,3.3273418693742216,0.000155341,1.2136015625e-06,2.2868206075665793,0.000121407,9.484921875e-07,2.9260009719373676
41,7.0,128.0,0.00035249,2.753828125e-06,1.0,0.000108971,8.513359375e-07,3.234713822943719,0.000169311,1.3227421875e-06,2.0819084406801682,0.000154761,1.2090703125e-06,2.27764100774743
42,7.0,128.0,0.000351695,2.7476171875e-06,1.0,6.5666e-05,5.13015625e-07,5.355815795084214,0.000158737,1.2401328125e-06,2.2155830083723393,0.000138825,1.0845703125e-06,2.5333693499009544
43,7.0,128.0,0.000352528,2.754125e-06,1.0,0.000106478,8.31859375e-07,3.3108059880914364,0.000121837,9.518515625e-07,2.8934395955251686,0.000121416,9.485625e-07,2.9034723594913356
44,7.0,128.0,0.000354596,2.77028125e-06,1.0,0.000106625,8.330078125e-07,3.3256365767878076,0.00013917,1.087265625e-06,2.547934181217216,0.000140933,1.1010390625e-06,2.516060823228059
45,7.25,152.2185107203483,0.000439522,2.887441204883931e-06,1.0,0.000123955,8.143227746310483e-07,3.545819047234884,0.000158926,1.044064872582905e-06,2.7655764317984475,0.000152188,9.997995597236898e-07,2.8880200804268408
46,7.25,152.2185107203483,0.000441814,2.9024985063195678e-06,1.0,0.000123529,8.11524166249032e-07,3.5766014458143434,0.000154799,1.016952532694217e-06,2.8541140446643714,0.00018817,1.2361834254554022e-06,2.347951320614338
47,7.25,152.2185107203483,0.000439245,2.885621452485296e-06,1.0,0.000124204,8.159585809388465e-07,3.5364803065923804,0.00015306,1.0055281665526058e-06,2.8697569580556643,0.000146529,9.62622740864934e-07,2.9976659910324917
48,7.25,152.2185107203483,0.00044226,2.9054285047664672e-06,1.0,0.0001242,8.1593230292587e-07,3.560869565217391,0.000163656,1.0751386229278274e-06,2.70237571491421,0.000160093,1.051731482868851e-06,2.762519285665207
49,7.25,152.2185107203483,0.000439431,2.8868433800887113e-06,1.0,0.000123856,8.136723938098755e-07,3.5479185505748614,0.000168935,1.109819030553799e-06,2.6011838872939297,0.000154419,1.0144561214614326e-06,2.845705515512987
50,7.5,181.01933598375618,0.000548354,3.0292564991466254e-06,1.0,0.000128841,7.117526937098123e-07,4.256052033126101,0.000177104,9.783706201192368e-07,3.0962259463366157,0.000170967,9.444681645243787e-07,3.207367503670299
51,7.5,181.01933598375618,0.000547592,3.025047004089874e-06,1.0,0.000125102,6.910974417187459e-07,4.377164233985067,0.000169303,9.352757763689534e-07,3.2343904124557747,0.000280514,1.5496355595137747e-06,1.952102212367297
52,7.5,181.01933598375618,0.00054826,3.0287372176041913e-06,1.0,0.000117365,6.483561513590558e-07,4.671409704767179,0.000179055,9.891484742606037e-07,3.0619642009438435,0.000186814,1.03201129859831e-06,2.9347907544402454
53,7.5,181.01933598375618,0.0005488,3.031720324337322e-06,1.0,0.000121082,6.688898693721059e-07,4.532465601823557,0.000280224,1.548033520712649e-06,1.9584332533972824,0.000180327,9.96175347898645e-07,3.043360118007841
54,7.5,181.01933598375618,0.000552376,3.0514751200367217e-06,1.0,0.000119225,6.586312967731728e-07,4.633055147829734,0.000182488,1.0081132991028959e-06,3.0269168383674545,0.000316427,1.7480287300821536e-06,1.745666457034324
55,7.75,215.2694823049509,0.000688764,3.1995431615536493e-06,1.0,0.000137388,6.38214012171851e-07,5.0132762686697525,0.000333463,1.5490491101177826e-06,2.065488524963789,0.00023767,1.104058027432409e-06,2.897984600496487
56,7.75,215.2694823049509,0.00068707,3.1916739550973422e-06,1.0,0.000160841,7.471611780630963e-07,4.271734197126355,0.000348461,1.6187199238318876e-06,1.9717271086290862,0.000255229,1.185625557636834e-06,2.691974658052181
57,7.75,215.2694823049509,0.000691832,3.21379506557251e-06,1.0,0.000134871,6.265216906544219e-07,5.129583083094215,0.000522043,2.4250673825678343e-06,1.3252394917660038,0.000242469,1.1263510154984173e-06,2.8532802131406485
58,7.75,215.2694823049509,0.000685183,3.18290819796449e-06,1.0,0.000150237,6.97901989596343e-07,4.56068079101686,0.000232433,1.079730380318076e-06,2.947873150542307,0.000272581,1.266231502400612e-06,2.5136858401722795
59,7.75,215.2694823049509,0.00068744,3.1933927310057444e-06,1.0,0.000132397,6.150291187695908e-07,5.192262664561886,0.000213679,9.92611668463541e-07,3.2171621918859596,0.000279317,1.2975225146141213e-06,2.461146296143808
60,8.0,256.0,0.000706202,2.7586015625e-06,1.0,0.000177432,6.9309375e-07,3.980127598178457,0.000404195,1.57888671875e-06,1.7471814347035466,0.000254529,9.9425390625e-07,2.774544354474343
61,8.0,256.0,0.000705311,2.75512109375e-06,1.0,0.000150544,5.880625e-07,4.685082102242534,0.000301881,1.17922265625e-06,2.3363875169354813,0.000252285,9.8548828125e-07,2.795691380779674
62,8.0,256.0,0.00070558,2.756171875e-06,1.0,0.000177505,6.9337890625e-07,3.974986620095209,0.000247662,9.674296875e-07,2.8489635067147967,0.000386192,1.5085625e-06,1.8270186850064218
63,8.0,256.0,0.000702414,2.7438046875e-06,1.0,0.000177679,6.9405859375e-07,3.953275288582218,0.000247436,9.66546875e-07,2.8387704295252103,0.000285085,1.11361328125e-06,2.4638756861988527
64,8.0,256.0,0.000704273,2.75106640625e-06,1.0,0.000173697,6.7850390625e-07,4.054606585030254,0.000245626,9.594765625e-07,2.867257537882798,0.000249653,9.7520703125e-07,2.8210075584911856
65,8.25,304.4370214406966,0.000880373,2.8918066397896817e-06,1.0,0.000212634,6.984498764103842e-07,4.14032092703895,0.000178756,5.871690609573945e-07,4.924998321734655,0.000187276,6.151551447775573e-07,4.700938721459237
66,8.25,304.4370214406966,0.000880203,2.891248232013927e-06,1.0,0.000168109,5.521963104370574e-07,5.2359064654480125,0.000180561,5.930980376352576e-07,4.874823466861614,0.000188926,6.205749849539971e-07,4.6589828821866766
67,8.25,304.4370214406966,0.000879081,2.887562740693948e-06,1.0,0.000178673,5.868964265727615e-07,4.920055072674663,0.000179617,5.899972321040096e-07,4.894197097156728,0.000181256,5.953809400126065e-07,4.849941519177296
68,8.25,304.4370214406966,0.000875619,2.87619093057829e-06,1.0,0.000169255,5.559606357959666e-07,5.173371539984048,0.000520096,1.7083861796398277e-06,1.6835718790377163,0.000187409,6.155920167432945e-07,4.672235591673825
69,8.25,304.4370214406966,0.000881295,2.894835180785244e-06,1.0,0.000205245,6.741788466747995e-07,4.293868303734561,0.000175495,5.76457485917776e-07,5.021767001908886,0.000216605,7.11493625101683e-07,4.068673391657626
70,8.5,362.03867196751236,0.0010969,3.0297868292325154e-06,1.0,0.000177766,4.910138440015929e-07,6.170471293723209,0.000229441,6.337472147743071e-07,4.78074973522605,0.000237145,6.550267094706399e-07,4.625440131565076
71,8.5,362.03867196751236,0.00109976,3.037686537803584e-06,1.0,0.00018015,4.975987759013927e-07,6.104690535664724,0.000246714,6.81457587553351e-07,4.457631103220733,0.000229022,6.325898798472871e-07,4.801984088864825
72,8.5,362.03867196751236,0.00113304,3.1296104193578353e-06,1.0,0.000241263,6.664011849586329e-07,4.696285795998558,0.000233697,6.455028650115335e-07,4.8483292468452746,0.00023375,6.45649258212326e-07,4.847229946524065
73,8.5,362.03867196751236,0.00109834,3.0337643048766894e-06,1.0,0.000242444,6.696632674140286e-07,4.530283281912524,0.000218091,6.023969727177942e-07,5.036154632699194,0.000323978,8.948712529502159e-07,3.3901684682293243
74,8.5,362.03867196751236,0.00110101,3.041139207633596e-06,1.0,0.000247409,6.83377271978838e-07,4.450161473511473,0.000214001,5.910998370339935e-07,5.144882500549063,0.00019942,5.508251340008645e-07,5.521061077123658
75,8.75,430.5389646099018,0.0013714,3.1853098388959607e-06,1.0,0.000173164,4.0220285324674066e-07,7.9196599755145405,0.000306815,7.126300409952342e-07,4.4697945015726095,0.000297205,6.903091808874682e-07,4.614323446779159
76,8.75,430.5389646099018,0.00137387,3.19104683415779e-06,1.0,0.000230733,5.359166509100056e-07,5.954371502992636,0.000270925,6.292694094377191e-07,5.071034419119682,0.000947515,2.2007648038511784e-06,1.4499717682569668
77,8.75,430.5389646099018,0.0013765,3.1971554566430575e-06,1.0,0.000173727,4.0351051653921436e-07,7.923351004737317,0.000293742,6.822657741701744e-07,4.686085067848656,0.0002688,6.243337353764285e-07,5.120907738095238
78,8.75,430.5389646099018,0.00136959,3.181105805930814e-06,1.0,0.000246165,5.717600966106345e-07,5.5637072695143495,0.000272366,6.326163771188109e-07,5.0284910745100335,0.000286353,6.651035644577621e-07,4.782872887659637
79,8.75,430.5389646099018,0.00137637,3.1968535095240145e-06,1.0,0.000286548,6.655564851363277e-07,4.803279031785251,0.000321862,7.475792586894646e-07,4.2762736825098955,0.000291444,6.769282781735412e-07,4.72258821591798
80,9.0,512.0,0.00140728,2.74859375e-06,1.0,0.000273892,5.349453125e-07,5.138083624202239,0.000283625,5.53955078125e-07,4.961762891141471,0.000331815,6.48076171875e-07,4.241158476862107
81,9.0,512.0,0.00140631,2.74669921875e-06,1.0,0.000283269,5.53259765625e-07,4.964574309225506,0.00127005,2.48056640625e-06,1.1072871146805243,0.00037011,7.2287109375e-07,3.799708194860987
82,9.0,512.0,0.00140471,2.74357421875e-06,1.0,0.000210228,4.106015625e-07,6.681840668226878,0.00030521,5.9611328125e-07,4.6024376658694015,0.00028198,5.507421875e-07,4.981594439321938
83,9.0,512.0,0.00140362,2.7414453125e-06,1.0,0.000214311,4.18576171875e-07,6.549453831114596,0.000348398,6.8046484375e-07,4.028783173267355,0.000355652,6.946328125e-07,3.9466107318389887
84,9.0,512.0,0.00141092,2.755703125e-06,1.0,0.000248061,4.84494140625e-07,5.687794534408876,0.000983506,1.92091015625e-06,1.4345819954326662,0.000261142,5.1004296875e-07,5.402884254543505
85,9.25,608.8740428813932,0.00176464,2.898202051197881e-06,1.0,0.00028322,4.651536772034317e-07,6.230633429842525,0.000211224,3.469091883116223e-07,8.35435367193122,0.000225117,3.697267154544345e-07,7.838768284936278
86,9.25,608.8740428813932,0.00175691,2.885506486178523e-06,1.0,0.000284581,4.6738895068226043e-07,6.173672873452549,0.000183015,3.0057940905792687e-07,9.599814222877907,0.000203388,3.34039531456294e-07,8.63821857730053
87,9.25,608.8740428813932,0.0017578,2.8869682006503505e-06,1.0,0.000282933,4.646823153456626e-07,6.212778290266599,0.000204201,3.353747829906714e-07,8.608185072551064,0.000214615,3.524784846868671e-07,8.190480628101483
88,9.25,608.8740428813932,0.00175764,2.886705420520584e-06,1.0,0.000255761,4.200556798080182e-07,6.872197090252227,0.000214766,3.5272648343433447e-07,8.183976979596398,0.00025193,4.1376373807591467e-07,6.976699876949946
89,9.25,608.8740428813932,0.00176273,2.8950651133987895e-06,1.0,0.000226807,3.725023305750962e-07,7.771938255873936,0.000220679,3.6243785160502827e-07,7.987755971342991,0.000206544,3.392228695159438e-07,8.534404291579518
90,9.5,724.0773439350247,0.00219393,3.0299663680636763e-06,1.0,0.000347333,4.796904680270842e-07,6.316503182824552,0.000275221,3.8009889731434144e-07,7.971521068523114,0.000255185,3.524278202286897e-07,8.59740972235829
91,9.5,724.0773439350247,0.00220024,3.0386809067146275e-06,1.0,0.00032737,4.5212020890046883e-07,6.720957937501909,0.000326585,4.5103607057384495e-07,6.737112849640981,0.000265709,3.6696217914511005e-07,8.280637840645218
92,9.5,724.0773439350247,0.00219776,3.035255858243255e-06,1.0,0.000305518,4.2194111245029615e-07,7.193553243998717,0.000255175,3.5241400954936964e-07,8.612755951797785,0.000398984,5.510240077830732e-07,5.508391313937401
93,9.5,724.0773439350247,0.00220136,3.0402277027984726e-06,1.0,0.00030928,4.271366900104988e-07,7.117692705638903,0.000254982,3.521474634384927e-07,8.633393729753472,0.000238977,3.3004347118675303e-07,9.21159776882294
94,9.5,724.0773439350247,0.00219643,3.0334190378936883e-06,1.0,0.000267014,3.687644727963765e-07,8.225898267506574,0.000287247,3.967076202646332e-07,7.646485428916577,0.000262493,3.62520664675782e-07,8.367575516299484
95,9.75,861.0779292198037,0.00274868,3.19213848912664e-06,1.0,0.000332701,3.8637734020363316e-07,8.261712468552844,0.00128872,1.4966357355920963e-06,2.1328760320317834,0.000299488,3.478059184159521e-07,9.17793033443744
96,9.75,861.0779292198037,0.00280537,3.2579745744288908e-06,1.0,0.000345312,4.010229368123239e-07,8.124160179779446,0.000340715,3.956842794806173e-07,8.233773094815316,0.000346773,4.0271964735433457e-07,8.089932030463734
97,9.75,861.0779292198037,0.0027466,3.189722912174291e-06,1.0,0.000344681,4.002901343811064e-07,7.96852742100667,0.000330925,3.843148091135503e-07,8.29976580796253,0.000371229,4.311212579056105e-07,7.398667668743553
98,9.75,861.0779292198037,0.00274564,3.188608030503976e-06,1.0,0.000332907,3.866165752287216e-07,8.247468512227139,0.000334475,3.8843754862356946e-07,8.208804843411317,0.000680241,7.899877315591466e-07,4.036275378873076
99,9.75,861.0779292198037,0.00274379,3.1864595606184727e-06,1.0,0.000350801,4.073975050293648e-07,7.821499938711692,0.000296388,3.442057796888931e-07,9.257426076629281,0.000286002,3.321441536181721e-07,9.593604240529787
100,10.0,1024.0,0.00281036,2.7444921875e-06,1.0,0.00035971,3.51279296875e-07,7.812849239665286,0.00030156,2.944921875e-07,9.319405756731662,0.000284425,2.777587890625e-07,9.880847323547508
101,10.0,1024.0,0.00280922,2.74337890625e-06,1.0,0.000348979,3.407998046875e-07,8.049825347657022,0.000314464,3.0709375e-07,8.933359621451105,0.00027973,2.73173828125e-07,10.042612519214957
102,10.0,1024.0,0.00280706,2.74126953125e-06,1.0,0.000364658,3.56111328125e-07,7.6977880644329755,0.000773461,7.553330078125e-07,3.629219831381285,0.000312857,3.055244140625e-07,8.972341996503195
103,10.0,1024.0,0.00281485,2.748876953125e-06,1.0,0.000379972,3.7106640625e-07,7.4080458560104425,0.000336364,3.2848046875e-07,8.368463925984944,0.000273382,2.66974609375e-07,10.296398446130322
104,10.0,1024.0,0.00281704,2.751015625e-06,1.0,0.000376686,3.67857421875e-07,7.478483405276543,0.000308002,3.00783203125e-07,9.146174375491068,0.000335423,3.275615234375e-07,8.398469991622518
105,10.25,1217.7480857627863,0.00351848,2.8893332218182518e-06,1.0,0.000420121,3.4499828405547447e-07,8.374920558600975,0.000247044,2.028695449315807e-07,14.242321205939025,0.000215081,1.7662191590740643e-07,16.358860150361956
106,10.25,1217.7480857627863,0.00351515,2.8865986660928658e-06,1.0,0.000407329,3.3449364836804717e-07,8.6297562903697,0.00023324,1.9153386708376602e-07,15.070956954210255,0.000295057,2.4229723983937035e-07,11.913460788932309
107,10.25,1217.7480857627863,0.00351905,2.889801298924399e-06,1.0,0.000392211,3.2207892961237757e-07,8.972338868619188,0.000244519,2.0079604547013968e-07,14.391724160494686,0.000235556,1.934357382729531e-07,14.939335020122604
108,10.25,1217.7480857627863,0.00362735,2.9787359490923455e-06,1.0,0.000407381,3.345363501391343e-07,8.904072600342186,0.000238433,1.957982958771376e-07,15.213288429034572,0.000226627,1.8610335146455428e-07,16.00581572363399
109,10.25,1217.7480857627863,0.00351759,2.888602364582338e-06,1.0,0.000399253,3.2786173484305794e-07,8.810428475177394,0.00030125,2.473828565382632e-07,11.676647302904566,0.000247285,2.0306745121681131e-07,14.224841781749804
110,10.5,1448.1546878700494,0.00443215,3.0605501174179262e-06,1.0,0.000471921,3.2587747976986e-07,9.391720224359586,0.000311751,2.1527465443524154e-07,14.216955198219093,0.000292678,2.021041001016761e-07,15.143434081140366
111,10.5,1448.1546878700494,0.00439889,3.0375829577086835e-06,1.0,0.000490673,3.3882637270033864e-07,8.965013359202565,0.000302756,2.0906330141104918e-07,14.529489093527461,0.000322104,2.224237525852653e-07,13.65673819635894
112,10.5,1448.1546878700494,0.00448711,3.098501864189423e-06,1.0,0.000422971,2.9207584213403826e-07,10.608552359381612,0.000302742,2.0905363393552516e-07,14.821564236214334,0.000361967,2.499505080720225e-07,12.396461555887692
113,10.5,1448.1546878700494,0.0044373,3.064106367342839e-06,1.0,0.000469261,3.240406594202934e-07,9.455931773575898,0.000287053,1.9821984654291213e-07,15.4581209741755,0.000294904,2.0364122870999768e-07,15.046591433144345
114,10.5,1448.1546878700494,0.00445417,3.0757556753493012e-06,1.0,0.000472174,3.260521848632587e-07,9.433323308780238,0.000285756,1.973242239890069e-07,15.587319251389298,0.000316493,2.1854916650202536e-07,14.073518213672974
115,10.75,1722.1558584396073,0.00550082,3.1941475988033537e-06,1.0,0.000550693,3.1976954774521165e-07,9.988904888930856,0.000360321,2.0922670746332786e-07,15.26644297723419,0.000366104,2.1258470782761534e-07,15.025293359264033
116,10.75,1722.1558584396073,0.00556788,3.2330871638092533e-06,1.0,0.000553937,3.216532332340148e-07,10.051467946715961,0.000347007,2.0149569988073693e-07,16.04544000553303,0.00034006,1.9746180250382096e-07,16.373228253837556
117,10.75,1722.1558584396073,0.00549788,3.192440436245684e-06,1.0,0.000575197,3.339982250626075e-07,9.55825569326683,0.000366263,2.1267703396593833e-07,15.010743645959323,0.00038776,2.2515964400071052e-07,14.178564060243449
118,10.75,1722.1558584396073,0.00558521,3.24315013221892e-06,1.0,0.000559283,3.247574818847983e-07,9.986375412805323,0.000355669,2.0652544208296039e-07,15.703392761247114,0.000337595,1.960304570260467e-07,16.54411350879012
119,10.75,1722.1558584396073,0.00552094,3.205830629640197e-06,1.0,0.000557631,3.23798219114298e-07,9.900704946461012,0.000343979,1.9973743857984425e-07,16.05022399623233,0.000364159,2.1145530946888474e-07,15.160795147174722
120,11.0,2048.0,0.0056582,2.76279296875e-06,1.0,0.000577699,2.8207958984375e-07,9.794373886747252,0.000368458,1.799111328125e-07,15.356431397879813,0.000385014,1.879951171875e-07,14.696088973387983
121,11.0,2048.0,0.00565446,2.760966796875e-06,1.0,0.000571736,2.7916796875e-07,9.889984188506583,0.000379741,1.8542041015625e-07,14.89030681438138,0.000385843,1.8839990234375e-07,14.654820743152007
122,11.0,2048.0,0.00570107,2.7837255859375e-06,1.0,0.000610052,2.97876953125e-07,9.345219751758865,0.000370087,1.8070654296875e-07,15.404675116931964,0.000395155,1.9294677734375e-07,14.427427212106641
123,11.0,2048.0,0.00576861,2.8167041015625e-06,1.0,0.00057116,2.7888671875e-07,10.099814412774004,0.000356447,1.7404638671875e-07,16.183640204574594,0.000427571,2.0877490234375e-07,13.491583853909644
124,11.0,2048.0,0.00576865,2.8167236328125e-06,1.0,0.000565344,2.76046875e-07,10.203787428539085,0.000336781,1.6444384765625e-07,17.12878695650883,0.000388481,1.8968798828125e-07,14.849246166479185
125,11.25,2435.4961715255727,0.00726005,2.9809326267396144e-06,1.0,0.000717039,2.944118772935099e-07,10.125042013056472,0.000292756,1.2020384323438304e-07,24.798979354821082,0.000312111,1.2815088919006452e-07,23.26111543649535
126,11.25,2435.4961715255727,0.00702416,2.8840776192229156e-06,1.0,0.000653963,2.685132531291821e-07,10.74091347675633,0.000275233,1.1300900540015899e-07,25.52077694171847,0.000267202,1.097115253655386e-07,26.28782718692225
127,11.25,2435.4961715255727,0.00704688,2.893406313829637e-06,1.0,0.00070318,2.887214557022007e-07,10.021445433601638,0.000280092,1.1500408141662277e-07,25.159161989631976,0.000320838,1.3173414261580629e-07,21.96398182260206
128,11.25,2435.4961715255727,0.00702702,2.885251917927811e-06,1.0,0.000659913,2.709562871481077e-07,10.648403653208831,0.000295282,1.2124100355905633e-07,23.79765783217399,0.000262849,1.079242098891717e-07,26.734056435443925
129,11.25,2435.4961715255727,0.00706708,2.901700311675401e-06,1.0,0.000733949,3.013550210346917e-07,9.628843421000642,0.000275299,1.130361046010412e-07,25.670561825506084,0.000308644,1.267273599558435e-07,22.897188994440196
130,11.5,2896.309375740099,0.00886297,3.0600909123305345e-06,1.0,0.000775975,2.6791854713439025e-07,11.421721060601177,0.000348245,1.202375004952682e-07,25.45038694022886,0.000354682,1.2245998406484717e-07,24.988496737922983
131,11.5,2896.309375740099,0.00877145,3.028492078046261e-06,1.0,0.000794043,2.741568309832567e-07,11.04656800702229,0.000323969,1.1185579921592998e-07,27.074967049316445,0.000377329,1.3027924542887635e-07,23.246159187340492
132,11.5,2896.309375740099,0.00877895,3.0310815804187703e-06,1.0,0.000791586,2.7330851000602267e-07,11.090330046261556,0.000353002,1.2187993553340508e-07,24.869405839060406,0.000315518,1.0893794794258647e-07,27.823927636458144
133,11.5,2896.309375740099,0.0087739,3.0293379821546135e-06,1.0,0.000787508,2.7190051124934357e-07,11.141347135521162,0.000417352,1.4409786588953514e-07,21.022781728612777,0.000343032,1.1843762371288269e-07,25.577497143123672
134,11.5,2896.309375740099,0.00880101,3.0386981700637775e-06,1.0,0.000795612,2.7469855487958563e-07,11.06193722568287,0.000376658,1.3004757128328253e-07,23.3660509002862,0.000364807,1.2595581226773478e-07,24.12511273084124
135,11.75,3444.3117168792146,0.0109678,3.1843227040837025e-06,1.0,0.000946574,2.7482239640541647e-07,11.586838429958988,0.000432613,1.2560216251041802e-07,25.352451267067796,0.000395306,1.1477068061603166e-07,27.745088614895803
136,11.75,3444.3117168792146,0.0109636,3.1831033022567954e-06,1.0,0.000945121,2.7440054144006027e-07,11.600207804080112,0.000396159,1.1501833532040112e-07,27.67474675572182,0.000455685,1.3230074321289428e-07,24.059602576341113
137,11.75,3444.3117168792146,0.0109624,3.182754901734822e-06,1.0,0.00093937,2.727308319385025e-07,11.669949008377955,0.000450254,1.307239405171961e-07,24.34714627743452,0.000394349,1.1449283119975783e-07,27.798726508752402
138,11.75,3444.3117168792146,0.0109544,3.180432231588332e-06,1.0,0.000949227,2.755926518927461e-07,11.540337558876855,0.000410592,1.1920872259843683e-07,26.679526147611252,0.000446585,1.2965870592126225e-07,24.529260946964182
139,11.75,3444.3117168792146,0.0109534,3.180141897820021e-06,1.0,0.000948614,2.754146772927713e-07,11.546740823981093,0.000373212,1.0835604633896375e-07,29.349002711595556,0.00045048,1.3078955594883442e-07,24.314952939087195
140,12.0,4096.0,0.011233,2.742431640625e-06,1.0,0.000967458,2.3619580078125e-07,11.61083995377577,0.000440673,1.07586181640625e-07,25.49055648973275,0.000458675,1.11981201171875e-07,24.490107374502642
141,12.0,4096.0,0.01123,2.74169921875e-06,1.0,0.000963986,2.3534814453125e-07,11.649546777650299,0.000483055,1.17933349609375e-07,23.247870325325277,0.000414432,1.011796875e-07,27.09732839162999
142,12.0,4096.0,0.011239,2.743896484375e-06,1.0,0.000949422,2.3179248046875e-07,11.837728639108848,0.000495549,1.20983642578125e-07,22.679896438091898,0.0004261,1.040283203125e-07,26.376437455996246
143,12.0,4096.0,0.0112216,2.7396484375e-06,1.0,0.000969489,2.36691650390625e-07,11.574757423756227,0.000459987,1.12301513671875e-07,24.395472045949123,0.000433421,1.05815673828125e-07,25.890762099667526
144,12.0,4096.0,0.0112202,2.739306640625e-06,1.0,0.00096542,2.356982421875e-07,11.622091939259596,0.000480658,1.1734814453125e-07,23.34341673289532,0.000423558,1.0340771484375e-07,26.49035079021055
145,12.25,4870.992343051145,0.0140239,2.8790642670597092e-06,1.0,0.00115796,2.3772568676933381e-07,12.110867387474524,0.00040596,8.334236053134717e-08,34.54502906690314,0.000315611,6.47939840123633e-08,44.43412935544072
146,12.25,4870.992343051145,0.0140319,2.8807066428707515e-06,1.0,0.00116115,2.3838058412398696e-07,12.084485208629378,0.000384,7.883403893003574e-08,36.54140625,0.000281454,5.7781655190141354e-08,49.85503847875674
147,12.25,4870.992343051145,0.014055,2.885449003025136e-06,1.0,0.00115743,2.3761687937185227e-07,12.143282963116558,0.000382694,7.856592107888306e-08,36.72647075731524,0.000293238,6.020087475980682e-08,47.930350091052325
148,12.25,4870.992343051145,0.0140255,2.879392742221917e-06,1.0,0.00115799,2.3773184567862524e-07,12.111935336229156,0.000377655,7.753142961490274e-08,37.138393507301636,0.000296956,6.09641689179888e-08,47.23090289470493
149,12.25,4870.992343051145,0.0140427,2.8829238502156587e-06,1.0,0.00115168,2.3643642175766552e-07,12.19323075854404,0.000410975,8.437192486789437e-08,34.16923170509155,0.000284545,5.841622814413286e-08,49.35142068917043
150,12.5,5792.618751480198,0.0175426,3.02844028799881e-06,1.0,0.00139474,2.4077883593557746e-07,12.577684729770422,0.000499844,8.628981492563688e-08,35.09614999879962,0.000346874,5.988206973078673e-08,50.57340705847079
151,12.5,5792.618751480198,0.017544,3.0286819748869116e-06,1.0,0.00138328,2.388004561229803e-07,12.682898617778035,0.000480751,8.29937236724155e-08,36.49290381091251,0.000370657,6.398781205914603e-08,47.332169633920316
152,12.5,5792.618751480198,0.0175384,3.027715227334508e-06,1.0,0.00138981,2.3992775282247937e-07,12.619278894237342,0.000473827,8.17984093772652e-08,37.01435333993208,0.000362609,6.259845771954903e-08,48.367249571852874
153,12.5,5792.618751480198,0.0175456,3.0289581884733128e-06,1.0,0.00138789,2.3959629651879816e-07,12.641924071792435,0.000465637,8.03845410818751e-08,37.68085439945709,0.000361023,6.232466100202903e-08,48.59967370499941
154,12.5,5792.618751480198,0.0175406,3.0280950210158093e-06,1.0,0.0013955,2.409100373891179e-07,12.569401648154782,0.00046248,7.983953714920763e-08,37.92726171942571,0.000359869,6.212544195283732e-08,48.74162542480736
155,12.75,6888.623433758429,0.0219204,3.182116167444537e-06,1.0,0.00167471,2.4311243256423426e-07,13.089072137862674,0.000506663,7.35506890269316e-08,43.26426046504284,0.000476767,6.921077985821562e-08,45.97717543370241
156,12.75,6888.623433758429,0.0219114,3.180809665487137e-06,1.0,0.00166905,2.4229078799991353e-07,13.128066864383932,0.000528837,7.6769619516198e-08,41.43318262527017,0.000498982,7.24356621897324e-08,43.91220524988877
157,12.75,6888.623433758429,0.0219302,3.183538802909262e-06,1.0,0.00168578,2.447194299718368e-07,13.008933550048049,0.000570467,8.281291690359586e-08,38.442539182809874,0.000458242,6.652156332923302e-08,47.857245734786424
158,12.75,6888.623433758429,0.0219196,3.182000033937213e-06,1.0,0.00164523,2.38832912819327e-07,13.32312199510099,0.000559541,8.122682352731172e-08,39.17425175277594,0.000433133,6.287656803496992e-08,50.60708835392362
159,12.75,6888.623433758429,0.0219264,3.1829871687494707e-06,1.0,0.00170533,2.475574425570789e-07,12.857570089073668,0.000573985,8.332361400205527e-08,38.20030140160457,0.000453763,6.587136085510007e-08,48.32126021733812
160,13.0,8192.0,0.0224462,2.7400146484375e-06,1.0,0.00169238,2.0658935546875e-07,13.263096940403456,0.000522949,6.38365478515625e-08,42.922349980590845,0.000456719,5.57518310546875e-08,49.146630641598
161,13.0,8192.0,0.0247658,3.0231689453125e-06,1.0,0.00210017,2.56368408203125e-07,11.792283481813376,0.000942721,1.150782470703125e-07,26.27055088408978,0.00404486,4.9375732421875e-07,6.122782988780823
162,13.0,8192.0,0.0229363,2.79984130859375e-06,1.0,0.00168459,2.05638427734375e-07,13.615360414106696,0.000587668,7.173681640625e-08,39.029349905048434,0.000416856,5.08857421875e-08,55.0221179496037
163,13.0,8192.0,0.0224513,2.74063720703125e-06,1.0,0.00171861,2.09791259765625e-07,13.063638638201803,0.00053343,6.5115966796875e-08,42.088558948690554,0.000488572,5.964013671875e-08,45.95289947029301
164,13.0,8192.0,0.0224614,2.7418701171875e-06,1.0,0.00171792,2.0970703125e-07,13.074764831889727,0.000591061,7.21510009765625e-08,38.00183060631643,0.000464997,5.67623291015625e-08,48.30439766278062
165,13.25,9741.98468610229,0.028077,2.8820616029148614e-06,1.0,0.00209652,2.1520460846041477e-07,13.392192776601224,0.000647958,6.651190911071367e-08,43.33151222764438,0.000330654,3.3941133214026093e-08,84.91353499428406
166,13.25,9741.98468610229,0.0280609,2.8804089622549998e-06,1.0,0.00207138,2.1262402546731435e-07,13.546959032142823,0.000643565,6.606097430209434e-08,43.6022779361836,0.000332318,3.4111940298374505e-08,84.43990394742384
167,13.25,9741.98468610229,0.028071,2.88144571198572e-06,1.0,0.00208753,2.142817985515853e-07,13.446992378552642,0.000657843,6.752658941647331e-08,42.67127566911862,0.000337355,3.462898073338829e-08,83.20908242059551
168,13.25,9741.98468610229,0.0280797,2.8823387538329745e-06,1.0,0.00207769,2.1327173742779423e-07,13.514865066492113,0.000645277,6.623670851387587e-08,43.515730453743124,0.000329475,3.3820110646449904e-08,85.22558615979968
169,13.25,9741.98468610229,0.0282804,2.902940305412738e-06,1.0,0.00207259,2.1274823013802445e-07,13.644956310703034,0.000638644,6.55558410917106e-08,44.28194737600291,0.000351188,3.604891727052265e-08,80.5278084672597
170,13.5,11585.237502960395,0.0356335,3.075767759693706e-06,1.0,0.0025641,2.2132476777837238e-07,13.897078897078895,0.00081207,7.009523972145503e-08,43.87983794500474,0.000404189,3.4888279148072444e-08,88.1604892760565
171,13.5,11585.237502960395,0.0357376,3.0847533329263133e-06,1.0,0.0025606,2.2102265916824627e-07,13.956728891666016,0.000807785,6.972537246591494e-08,44.24147514499527,0.000421475,3.6380350415112317e-08,84.79174328251973
172,13.5,11585.237502960395,0.0350648,3.026679426385504e-06,1.0,0.00256921,2.2176584634915646e-07,13.648086376746159,0.000873822,7.542547140502824e-08,40.12808100505595,0.000394305,3.403512443307637e-08,88.92811402340827
173,13.5,11585.237502960395,0.0350751,3.027568488866732e-06,1.0,0.00257372,2.2215513487249034e-07,13.628172450771645,0.000822842,7.102504370667738e-08,42.626774034383274,0.000396482,3.422303598857479e-08,88.46580677054696
174,13.5,11585.237502960395,0.0350725,3.0273440653277813e-06,1.0,0.00256879,2.2172959331594132e-07,13.653315374164489,0.000819622,7.074710378536137e-08,42.791067101663934,0.000417538,3.604052138709334e-08,83.99834266581723
175,13.75,13777.246867516858,0.0438539,3.1830670105357564e-06,1.0,0.00319258,2.3172844550875167e-07,13.7361945511154,0.000879347,6.382603204078967e-08,49.87098380957688,0.000496919,3.606809145385969e-08,88.25160639862835
176,13.75,13777.246867516858,0.044526,3.2318503419562478e-06,1.0,0.00318118,2.3090099426906472e-07,13.99669305100623,0.00088014,6.388359071035735e-08,50.58967891471812,0.000480358,3.48660370696092e-08,92.69336619771087
177,13.75,13777.246867516858,0.0438426,3.1822468176402774e-06,1.0,0.00318267,2.3100914359776064e-07,13.775414981760598,0.000876841,6.364413793494269e-08,50.00062725169102,0.000442235,3.209893850727712e-08,99.13869322871324
178,13.75,13777.246867516858,0.044522,3.231560008187936e-06,1.0,0.00318077,2.308712350578128e-07,13.9972396620944,0.000891967,6.474203507981154e-08,49.91440266287878,0.000449343,3.2614861613566146e-08,99.08243813745847
179,13.75,13777.246867516858,0.0438464,3.182522634720173e-06,1.0,0.00318351,2.3107011368910601e-07,13.77297385590119,0.000878233,6.374517408631499e-08,49.92570308790492,0.000512856,3.722485377025363e-08,85.49456377618668
180,14.0,16384.0,0.0449004,2.7405029296875e-06,1.0,0.00325719,1.988031005859375e-07,13.785011006419644,0.00100954,6.1617431640625e-08,44.476098024843,0.000448735,2.738861083984375e-08,100.05994629346941
181,14.0,16384.0,0.044884,2.739501953125e-06,1.0,0.00326673,1.993853759765625e-07,13.73973361740946,0.000963348,5.8798095703125e-08,46.59167818898259,0.000466208,2.8455078125e-08,96.27462420207289
182,14.0,16384.0,0.044893,2.74005126953125e-06,1.0,0.00326985,1.995758056640625e-07,13.729375965258345,0.000987855,6.029388427734375e-08,45.4449286585582,0.000485028,2.9603759765625e-08,92.55754306967846
183,14.0,16384.0,0.0448915,2.739959716796875e-06,1.0,0.00325959,1.989495849609375e-07,13.772130850812525,0.00101455,6.19232177734375e-08,44.24769602286729,0.000485277,2.961895751953125e-08,92.50695994246585
184,14.0,16384.0,0.0454748,2.7755615234375e-06,1.0,0.00328157,2.002911376953125e-07,13.857635217289285,0.000859421,5.245489501953125e-08,52.91329860452561,0.00047993,2.92926025390625e-08,94.75298481028484
185,14.25,19483.96937220458,0.0624591,3.2056660943587207e-06,1.0,0.0040513,2.0792991010237876e-07,15.417051316861254,0.00116008,5.954022908981501e-08,53.84033859733811,0.000407268,2.090272224411315e-08,153.36117740652347
186,14.25,19483.96937220458,0.0567311,2.9116808241821294e-06,1.0,0.00404653,2.0768509345804523e-07,14.019690945081342,0.0011493,5.89869537384701e-08,49.36143739667624,0.00045668,2.3438755793339013e-08,124.22505912236139
187,14.25,19483.96937220458,0.0568132,2.915894544622335e-06,1.0,0.00404928,2.078262351293067e-07,14.030444918602814,0.00116217,5.964749675997371e-08,48.88544705163617,0.000414845,2.1291606041621535e-08,136.95042726801577
188,14.25,19483.96937220458,0.0561541,2.8820667353392706e-06,1.0,0.00405606,2.0817421350427135e-07,13.844494410832185,0.00117287,6.019666617179103e-08,47.87751413200099,0.00039512,2.0279235326846173e-08,142.11910305729904
189,14.25,19483.96937220458,0.0561294,2.8807990265101227e-06,1.0,0.00405051,2.0788936394954366e-07,13.857366109452883,0.00116494,5.978966491611708e-08,48.18222397720055,0.000441738,2.2671868938070398e-08,127.06491178028605
190,14.5,23170.47500592079,0.0701388,3.0270764834159556e-06,1.0,0.00504886,2.1790058247445752e-07,13.892007304619263,0.00153436,6.622048100472358e-08,45.71208842774838,0.000488456,2.1080966181106948e-08,143.59287223414188
191,14.5,23170.47500592079,0.0701787,3.028798502493674e-06,1.0,0.00504124,2.1757171567314882e-07,13.920920249779815,0.00151435,6.53568819634917e-08,46.34245715983755,0.000490198,2.1156148066655466e-08,143.16398679717176
192,14.5,23170.47500592079,0.0709479,3.0619959229092436e-06,1.0,0.00503557,2.173270076989467e-07,14.089348375655586,0.00150744,6.505865760692439e-08,47.065156822162066,0.000475645,2.0528064266203332e-08,149.16145444606795
193,14.5,23170.47500592079,0.0707861,3.0550128981780437e-06,1.0,0.00503404,2.172609753884477e-07,14.061489380298926,0.00150066,6.476604383883083e-08,47.169978542774516,0.000450717,1.9452212347171454e-08,157.0522079264816
194,14.5,23170.47500592079,0.0707822,3.054844580523831e-06,1.0,0.00506394,2.1855141073741488e-07,13.977693258608909,0.00153261,6.614495385219206e-08,46.18409119084438,0.00045556,1.9661228347005833e-08,155.37404513126702
195,14.75,27554.493735033717,0.0882685,3.203415778522268e-06,1.0,0.00627674,2.2779369711371398e-07,14.062793743248884,0.00159669,5.794662806560348e-08,55.28217750471288,0.000536209,1.945994744654828e-08,164.61584941692513
196,14.75,27554.493735033717,0.0876928,3.182522634720173e-06,1.0,0.00630778,2.2892019213476148e-07,13.902323796961849,0.00156248,5.670508828886266e-08,56.124110388612976,0.000583222,2.1166130127750152e-08,150.35921141520726
197,14.75,27554.493735033717,0.0877118,3.1832121774199122e-06,1.0,0.00632672,2.2960755733123828e-07,13.86370820899297,0.00162053,5.881182269517089e-08,54.12537873411785,0.000590853,2.144307225099801e-08,148.44944512425258
198,14.75,27554.493735033717,0.0900273,3.267245657485488e-06,1.0,0.00627936,2.2788878142283592e-07,14.337018422259593,0.00159623,5.792993387392558e-08,56.39995489371833,0.000561379,2.0373410065097428e-08,160.36812919614025
199,14.75,27554.493735033717,0.0876888,3.182377467836017e-06,1.0,0.00626735,2.274529178531587e-07,13.991367962536,0.0015895,5.7685690591333776e-08,55.167536961308585,0.000583595,2.1179666939697665e-08,150.25625647923644
200,15.0,32768.0,0.090333,2.756744384765625e-06,1.0,0.00642717,1.9614166259765626e-07,14.054863960343354,0.00159168,4.857421875e-08,56.75324185765983,0.000614175,1.8743133544921875e-08,147.08022957626082
201,15.0,32768.0,0.0903915,2.7585296630859375e-06,1.0,0.00645961,1.9713165283203126e-07,13.993337059048455,0.00159279,4.860809326171875e-08,56.75041907596105,0.000590442,1.801885986328125e-08,153.09124350909994
202,15.0,32768.0,0.0903707,2.7578948974609374e-06,1.0,0.00642584,1.9610107421875e-07,14.06363992878752,0.00160723,4.904876708984375e-08,56.227608991867996,0.000572101,1.7459136962890625e-08,157.96284222541124
203,15.0,32768.0,0.0905007,2.7618621826171876e-06,1.0,0.00643165,1.9627838134765624e-07,14.071148150163644,0.0016123,4.92034912109375e-08,56.1314271537555,0.000558773,1.7052398681640626e-08,161.96326594162565
204,15.0,32768.0,0.0904733,2.7610260009765627e-06,1.0,0.00642198,1.959832763671875e-07,14.088069411614487,0.00187444,5.7203369140625e-08,48.26684236358593,0.000649028,1.98067626953125e-08,139.39814615085945
205,15.25,38967.93874440916,0.112254,2.8806758483242945e-06,1.0,0.00801549,2.0569448265081778e-07,14.00463352833077,0.00223707,5.7407963368885103e-08,50.179028818946215,0.000510587,1.3102745909886119e-08,219.85283604948816
206,15.25,38967.93874440916,0.112262,2.8808811453006746e-06,1.0,0.0080054,2.054355518393581e-07,14.023284283108902,0.00221901,5.694450544470658e-08,50.59102933290071,0.000504941,1.295785756880572e-08,222.3269649325367
207,15.25,38967.93874440916,0.113001,2.899845453493805e-06,1.0,0.00801145,2.055908076777457e-07,14.104937308477243,0.0022206,5.698530821876216e-08,50.88759794650095,0.000489698,1.2566689842435105e-08,230.7565070717054
208,15.25,38967.93874440916,0.112288,2.8815483604739106e-06,1.0,0.00801774,2.0575222242542475e-07,14.004944036598841,0.0022234,5.7057162160495265e-08,50.50283349824593,0.000482895,1.2392110426145707e-08,232.5308814545605
209,15.25,38967.93874440916,0.112838,2.895662527600056e-06,1.0,0.00800969,2.0554564234294205e-07,14.08768628998126,0.00221856,5.693295748978519e-08,50.86091879417279,0.000489455,1.2560453946777552e-08,230.5380474200897
210,15.5,46340.95001184158,0.140902,3.0405505274275792e-06,1.0,0.00997981,2.1535618060160275e-07,14.11870566674115,0.00292354,6.308761471771604e-08,48.19568057902406,0.0005901,1.2733877916814626e-08,238.77647856295545
211,15.5,46340.95001184158,0.141032,3.043355821664464e-06,1.0,0.00999469,2.156772788957939e-07,14.110692777865045,0.00290943,6.278313239708182e-08,48.47409973774931,0.000590684,1.274648016169417e-08,238.7604878412146
212,15.5,46340.95001184158,0.140951,3.0416079075630205e-06,1.0,0.00999634,2.1571288455341588e-07,14.100260695414521,0.00294313,6.351035098002819e-08,47.89153044547811,0.000570919,1.2319967541755449e-08,246.88440917187899
213,15.5,46340.95001184158,0.140341,3.028444603836098e-06,1.0,0.00998271,2.1541876024227173e-07,14.058406985678236,0.00292107,6.303431412721521e-08,48.04438099737425,0.000586535,1.2656948117164662e-08,239.27131373234332
214,15.5,46340.95001184158,0.140372,3.0291135586156627e-06,1.0,0.0100019,2.158328648300088e-07,14.034533438646658,0.00296315,6.394236629250849e-08,47.3725596071748,0.000560109,1.2086696536365232e-08,250.61550519630998
215,15.75,55108.98747006743,0.175366,3.1821669758539913e-06,1.0,0.0124575,2.260520574210571e-07,14.0771422837648,0.0030198,5.479686959663723e-08,58.072057752169016,0.000654603,1.1878334733613988e-08,267.8967251906881
216,15.75,55108.98747006743,0.175395,3.1826932058090556e-06,1.0,0.0124627,2.2614641589575824e-07,14.073595609298145,0.00299654,5.43747968809548e-08,58.53250749197408,0.000658537,1.1949720548897504e-08,266.3403878597558
217,15.75,55108.98747006743,0.176021,3.194052514494232e-06,1.0,0.0124526,2.2596314270451177e-07,14.135280985497007,0.0029946,5.433959391154707e-08,58.77946971214854,0.000631103,1.1451907011406896e-08,278.91009866852164
218,15.75,55108.98747006743,0.17617,3.19675624771163e-06,1.0,0.0124604,2.261046804165635e-07,14.138390420853263,0.00296908,5.3876511551090686e-08,59.33487814407157,0.000670582,1.2168287438854289e-08,262.71209188436313
219,15.75,55108.98747006743,0.178748,3.2435362761307737e-06,1.0,0.0124549,2.2600487818370652e-07,14.35162064729544,0.00305365,5.541110697522064e-08,58.53585053951827,0.000658799,1.1954474764353601e-08,271.32403054649444
220,16.0,65536.0,0.1804,2.752685546875e-06,1.0,0.0127599,1.9470062255859374e-07,14.138041834183655,0.00367162,5.602447509765625e-08,49.13362493940005,0.000675085,1.0300979614257812e-08,267.2256086270618
221,16.0,65536.0,0.179614,2.740692138671875e-06,1.0,0.0127551,1.9462738037109375e-07,14.081739853078377,0.00364368,5.559814453125e-08,49.294669125719054,0.000716372,1.093096923828125e-08,250.72727577292247
222,16.0,65536.0,0.179645,2.7411651611328125e-06,1.0,0.0127629,1.9474639892578126e-07,14.075562763948632,0.0035857,5.471343994140625e-08,50.100398806369746,0.000671572,1.024737548828125e-08,267.4992405877553
223,16.0,65536.0,0.179592,2.7403564453125e-06,1.0,0.0128028,1.95355224609375e-07,14.027556472021745,0.00362808,5.5360107421875e-08,49.50056228087583,0.00067577,1.0311431884765625e-08,265.7590600352191
224,16.0,65536.0,0.179594,2.740386962890625e-06,1.0,0.0127644,1.94769287109375e-07,14.069913196076588,0.0036228,5.5279541015625e-08,49.573258253284756,0.000674575,1.0293197631835937e-08,266.2328132527888
225,16.25,77935.87748881833,0.225663,2.8954957238067475e-06,1.0,0.0159107,2.0415116263087884e-07,14.183096909626855,0.00431903,5.541773749348832e-08,52.24853728730757,0.000666727,8.554814823194326e-09,338.4638690198537
226,16.25,77935.87748881833,0.225191,2.8894394630035282e-06,1.0,0.0159174,2.0423713073973812e-07,14.1474738336663,0.00431097,5.531431914163675e-08,52.23673558387092,0.000705178,9.04818195061926e-09,319.3392306623292
227,16.25,77935.87748881833,0.225264,2.8903761304582634e-06,1.0,0.0159238,2.043192495302902e-07,14.146372097112499,0.00430373,5.522142225982467e-08,52.34157347231354,0.000681645,8.74622859154691e-09,330.47113966947603
228,16.25,77935.87748881833,0.225233,2.8899783675665264e-06,1.0,0.0159206,2.0427819013501417e-07,14.147268319033202,0.00430628,5.525414146543527e-08,52.30338017964461,0.000694005,8.904820505800693e-09,324.5408894748597
229,16.25,77935.87748881833,0.224468,2.8801626058833437e-06,1.0,0.0159345,2.0445654188324455e-07,14.086918321880196,0.00432795,5.553219055782034e-08,51.86473965734355,0.000687684,8.82371536906945e-09,326.41154949075445
230,16.5,92681.90002368316,0.28077,3.0293940880393518e-06,1.0,0.0198746,2.144388493861413e-07,14.127076771356407,0.00574938,6.203347146024037e-08,48.83483088611294,0.00165296,1.783476600692925e-08,169.85891975607396
231,16.5,92681.90002368316,0.280668,3.0282935495310347e-06,1.0,0.0198833,2.1453271884714477e-07,14.11576549164374,0.00575171,6.205861121244014e-08,48.79731419004087,0.00080431,8.678177721804078e-09,348.9550049110417
232,16.5,92681.90002368316,0.280651,3.028110126446315e-06,1.0,0.0198755,2.1444856002003821e-07,14.12044980000503,0.00573147,6.184022984569186e-08,48.96666998169754,0.000754248,8.138029106085069e-09,372.09379408364356
233,16.5,92681.90002368316,0.281314,3.0352636267503725e-06,1.0,0.0198675,2.143622432742879e-07,14.159506732100164,0.00571676,6.168151492944348e-08,49.2086426577292,0.000821497,8.863618460455402e-09,342.4406905929054
234,16.5,92681.90002368316,0.281379,3.035964950309594e-06,1.0,0.0198734,2.1442590187427874e-07,14.158573771976611,0.00575706,6.211633553616065e-08,48.87546768663172,0.000799683,8.628254273980742e-09,351.86317578340413
235,16.75,110217.97494013487,0.353821,3.210193257426283e-06,1.0,0.0248548,2.2550586701942165e-07,14.235519899576742,0.00581735,5.278041084641326e-08,60.82167997455886,0.000880683,7.990375439925702e-09,401.7574995770328
236,16.75,110217.97494013487,0.35139,3.1881369639648908e-06,1.0,0.0248742,2.256818818664603e-07,14.126685481342113,0.00577468,5.2393268912230785e-08,60.85012502857301,0.000863183,7.831599160380507e-09,407.08633047685134
237,16.75,110217.97494013487,0.35102,3.1847799797687924e-06,1.0,0.0248281,2.2526361978148696e-07,14.138012977231444,0.00579213,5.2551591545263e-08,60.60292155044862,0.000855763,7.764278017853345e-09,410.18366066305737
238,16.75,110217.97494013487,0.351137,3.18584151260918e-06,1.0,0.0248702,2.256455901454214e-07,14.11878473031982,0.00579021,5.253417151916432e-08,60.64322364819238,0.000881659,7.999230619859192e-09,398.2684915596619
239,16.75,110217.97494013487,0.350818,3.1829472478563283e-06,1.0,0.024833,2.2530807713975963e-07,14.12708895421415,0.00580596,5.267707017075499e-08,60.42377143487038,0.00088411,8.02146837192578e-09,396.8035651672303
240,17.0,131072.0,0.359209,2.7405471801757813e-06,1.0,0.02547,1.943206787109375e-07,14.103219473890853,0.00706619,5.391075134277344e-08,50.834891221436166,0.00090904,6.9354248046875e-09,395.1520285135968
241,17.0,131072.0,0.359928,2.74603271484375e-06,1.0,0.0254608,1.9425048828125e-07,14.136555017909886,0.00579775,4.423332214355469e-08,62.0806347289897,0.000899554,6.8630523681640625e-09,400.1182808369481
242,17.0,131072.0,0.360008,2.74664306640625e-06,1.0,0.0254899,1.9447250366210937e-07,14.123554819752137,0.00578766,4.4156341552734375e-08,62.20268640521385,0.000875598,6.6802825927734375e-09,411.1567180372728
243,17.0,131072.0,0.36178,2.760162353515625e-06,1.0,0.0254283,1.9400253295898438e-07,14.227455236881742,0.00589981,4.5011978149414063e-08,61.32061879958846,0.000909677,6.940284729003906e-09,397.70160177733413
244,17.0,131072.0,0.359986,2.7464752197265623e-06,1.0,0.0254646,1.9427947998046875e-07,14.13672313721794,0.00580459,4.428550720214844e-08,62.01747237961681,0.00100809,7.691116333007812e-09,357.0970845857017
245,17.25,155871.75497763665,0.449085,2.881118519929614e-06,1.0,0.031744,2.03654600569259e-07,14.147082913306452,0.00852614,5.469971131859822e-08,52.67154890724291,0.000979113,6.281529326082689e-09,458.6651387531368
246,17.25,155871.75497763665,0.449304,2.882523521111717e-06,1.0,0.0317568,2.0373671935981113e-07,14.148276904474,0.00853811,5.4776505218825475e-08,52.623355754376554,0.00104672,6.715264097399658e-09,429.24946499541426
247,17.25,155871.75497763665,0.449068,2.8810094559109125e-06,1.0,0.0317306,2.0356863246039973e-07,14.152521540720945,0.00853352,5.4747057933775926e-08,52.62400509988845,0.000963125,6.178957824258681e-09,466.26138870863076
248,17.25,155871.75497763665,0.448968,2.880367902859724e-06,1.0,0.0317612,2.0376494769406342e-07,14.135737944410158,0.00852938,5.4720497637456726e-08,52.637823616722436,0.000992806,6.369377185381922e-09,452.2212798875108
249,17.25,155871.75497763665,0.449795,2.8856735465930524e-06,1.0,0.0317518,2.0370464170725168e-07,14.165968543515644,0.00851379,5.462047951677645e-08,52.83134773115146,0.000977295,6.269865891612083e-09,460.2448595357594
250,17.5,185363.80004736633,0.561973,3.031730034971219e-06,1.0,0.0397057,2.1420417573363263e-07,14.153459075145381,0.0113147,6.104050519631523e-08,49.66751217442795,0.00118548,6.395423484504916e-09,474.0467996085973
251,17.5,185363.80004736633,0.564206,3.0437766157999967e-06,1.0,0.0396675,2.1399809450315378e-07,14.223381861725594,0.0113817,6.140195656914465e-08,49.571329414762296,0.00124462,6.714471755984503e-09,453.31587151098324
252,17.5,185363.80004736633,0.56194,3.0315520066831093e-06,1.0,0.0396487,2.1389667232689717e-07,14.172974145432258,0.0113627,6.129945543356616e-08,49.45479507511419,0.00123881,6.6831279876839205e-09,453.6127412597574
253,17.5,185363.80004736633,0.561521,3.0292915869037733e-06,1.0,0.0396736,2.140310027624711e-07,14.153517704468463,0.0113354,6.115217748612969e-08,49.53693738200681,0.00122951,6.632956379216553e-09,456.7030768354873
254,17.5,185363.80004736633,0.561394,3.0286064477343796e-06,1.0,0.0396767,2.1404772663196021e-07,14.149210997890448,0.0113179,6.105776854546528e-08,49.6023113828537,0.00121746,6.56794908007335e-09,461.11905113925707
255,17.75,220435.94988026973,0.701811,3.1837411292540537e-06,1.0,0.0495691,2.2486849366867593e-07,14.15823567504756,0.0114297,5.185043549479142e-08,61.40239901309746,0.00128009,5.807083648085912e-09,548.2512948308322
256,17.75,220435.94988026973,0.701665,3.183078805345094e-06,1.0,0.0495941,2.249819052969225e-07,14.148154720017098,0.0114048,5.1737477513057834e-08,61.523656705948376,0.00124926,5.667224428132246e-09,561.6645053871891
257,17.75,220435.94988026973,0.702237,3.1856736633993753e-06,1.0,0.0495661,2.2485488427328635e-07,14.167687189429872,0.0114026,5.172749728977214e-08,61.585690982758315,0.00125911,5.7119086096613926e-09,557.7249009220799
258,17.75,220435.94988026973,0.704327,3.1951548755207887e-06,1.0,0.0495599,2.248267581894812e-07,14.211630774073395,0.0114332,5.186631312274593e-08,61.603663016478336,0.00137054,6.217406919081991e-09,513.9047382783428
259,17.75,220435.94988026973,0.702402,3.186422180145803e-06,1.0,0.0495752,2.248961661059681e-07,14.168414852587583,0.0114017,5.1723414471155267e-08,61.60502381223852,0.00122211,5.544059399856474e-09,574.745317524609
260,18.0,262144.0,0.719511,2.7447166442871094e-06,1.0,0.0507695,1.9367027282714845e-07,14.172111208501166,0.0141563,5.400199890136719e-08,50.82620458735687,0.00136538,5.2085113525390626e-09,526.9675841157773
261,18.0,262144.0,0.719998,2.746574401855469e-06,1.0,0.0507772,1.9369964599609376e-07,14.179553027736858,0.0141502,5.3978729248046875e-08,50.88253169566508,0.0014305,5.456924438476562e-09,503.31911918909475
262,18.0,262144.0,0.71843,2.740592956542969e-06,1.0,0.050737,1.9354629516601562e-07,14.159883319865187,0.0114345,4.3619155883789063e-08,62.83003192094101,0.00127772,4.874114990234375e-09,562.2749898256269
263,18.0,262144.0,0.718574,2.741142272949219e-06,1.0,0.0507634,1.9364700317382813e-07,14.155356024222177,0.0141163,5.384941101074219e-08,50.90384874223416,0.00135989,5.187568664550782e-09,528.4059740126039
264,18.0,262144.0,0.719193,2.7435035705566405e-06,1.0,0.0507502,1.9359664916992188e-07,14.171234793163375,0.0114186,4.355850219726562e-08,62.98434133781725,0.00126701,4.8332595825195315e-09,567.6300897388339
265,18.25,311743.5099552733,0.898809,2.883168281928161e-06,1.0,0.0634287,2.0346438008958165e-07,14.170383438411948,0.0169298,5.430682423005041e-08,53.0903495611289,0.00153854,4.935275156877327e-09,584.1960560011439
266,18.25,311743.5099552733,0.900952,2.8900425228716453e-06,1.0,0.0634235,2.034476997102507e-07,14.205333985037093,0.0169893,5.449768626277898e-08,53.03055452549546,0.00161088,5.167324895492187e-09,559.2918156535558
267,18.25,311743.5099552733,0.89778,2.879867491479797e-06,1.0,0.063448,2.0352628995902133e-07,14.149854999369563,0.0169727,5.444443735953034e-08,52.89553223706305,0.00159408,5.113434439192358e-09,563.1963264077085
268,18.25,311743.5099552733,0.898987,2.883739264143719e-06,1.0,0.0634369,2.0349068376468037e-07,14.171357679836182,0.0169851,5.448421364870402e-08,52.92797805135089,0.00163112,5.232250064272457e-09,551.1470645936535
269,18.25,311743.5099552733,0.898029,2.8806662250285264e-06,1.0,0.0634143,2.0341818826989609e-07,14.161301157625328,0.0169261,5.429495549860343e-08,53.055872291904215,0.001644,5.2735660807689925e-09,546.2463503649635
270,18.5,370727.60009473265,1.1232,3.029717775835915e-06,1.0,0.079335,2.1399809450315378e-07,14.15768576290414,0.0226417,6.1073683195463e-08,49.60758246951421,0.002033,5.483810753449444e-09,552.4840137727496
271,18.5,370727.60009473265,1.12235,3.0274249872769223e-06,1.0,0.0792424,2.1374831542013882e-07,14.16350337698,0.0226457,6.108447278868179e-08,49.56128536543361,0.00210366,5.674408917659349e-09,533.5225274046187
272,18.5,370727.60009473265,1.1241,3.032145434310143e-06,1.0,0.0792823,2.1385594161249622e-07,14.17844840525565,0.0225562,6.084305564041138e-08,49.83552194075244,0.00202982,5.475233026840506e-09,553.7929471578761
273,18.5,370727.60009473265,1.1228,3.0286388165140362e-06,1.0,0.0792501,2.1376908538708498e-07,14.167805466491524,0.0225421,6.080502232431515e-08,49.80902400397479,0.00199718,5.3871899461751895e-09,562.1926916952904
274,18.5,370727.60009473265,1.12308,3.0293940880393518e-06,1.0,0.0792862,2.1386646146588455e-07,14.164886197093567,0.0225411,6.080232492601046e-08,49.82365545603365,0.00200268,5.4020256368510246e-09,560.7885433519084
275,18.75,440871.89976053947,1.40376,3.1840541453480142e-06,1.0,0.0990416,2.2464938240290355e-07,14.173438232015638,0.0225949,5.1250487981367084e-08,62.12729421241076,0.00203878,4.6244271887307125e-09,688.5294146499376
276,18.75,440871.89976053947,1.40314,3.182647841157757e-06,1.0,0.0990591,2.2468907647278985e-07,14.164675431131517,0.0225755,5.120648426960741e-08,62.15321919780293,0.00202232,4.5870920807119435e-09,693.8268918865462
277,18.75,440871.89976053947,1.40305,3.182443700226913e-06,1.0,0.0990619,2.2469542752397167e-07,14.163366541526056,0.0226025,5.126772654886056e-08,62.07499170445747,0.0020228,4.588180832343109e-09,693.617757563773
278,18.75,440871.89976053947,1.40229,3.1807198434775656e-06,1.0,0.0990661,2.247049541007444e-07,14.155094426852374,0.0226602,5.1398603567857093e-08,61.88339026133927,0.00203485,4.6155130347505326e-09,689.1367914096862
279,18.75,440871.89976053947,1.39514,3.1645019806383066e-06,1.0,0.0989898,2.2453188795604013e-07,14.093775318265115,0.0226421,5.135754855843183e-08,61.61707615459697,0.00207945,4.71667620714647e-09,670.9177907619803
280,19.0,524288.0,1.43668,2.7402496337890624e-06,1.0,0.10141,1.9342422485351563e-07,14.167044670150872,0.0281439,5.368022918701172e-08,51.04765153372489,0.00205402,3.9177322387695315e-09,699.447911899592
281,19.0,524288.0,1.43726,2.7413558959960937e-06,1.0,0.101459,1.9351768493652343e-07,14.165919238313014,0.0226141,4.313297271728516e-08,63.55592307454199,0.00203591,3.883190155029297e-09,705.9545854188053
282,19.0,524288.0,1.43658,2.740058898925781e-06,1.0,0.101418,1.9343948364257811e-07,14.164941134709816,0.0225882,4.308357238769531e-08,63.598693122958004,0.00204681,3.903980255126953e-09,701.8628988523604
283,19.0,524288.0,1.43663,2.740154266357422e-06,1.0,0.101455,1.935100555419922e-07,14.160268099157262,0.0226223,4.314861297607422e-08,63.50503706519673,0.00245793,4.688129425048828e-09,584.4877600257126
284,19.0,524288.0,1.43961,2.7458381652832032e-06,1.0,0.101424,1.93450927734375e-07,14.193977756743966,0.0281661,5.3722572326660155e-08,51.11144247872443,0.00228803,4.364070892333984e-09,629.1919249310542
285,19.25,623487.0199105466,1.79613,2.8807817045777406e-06,1.0,0.12673,2.0326004544277812e-07,14.17288724059023,0.0337222,5.408645075696719e-08,53.26253921748877,0.00272562,4.371574568450603e-09,658.9803420873048
286,19.25,623487.0199105466,1.79866,2.8848395276265073e-06,1.0,0.12669,2.0319589013765925e-07,14.197332070408082,0.0337911,5.4196958270034393e-08,53.22880876917295,0.0027349,4.386458599238175e-09,657.6693846210098
287,19.25,623487.0199105466,1.79652,2.881407218802649e-06,1.0,0.126764,2.033145774521291e-07,14.172162443595974,0.0337367,5.4109707055072774e-08,53.25120714237017,0.00282064,4.5239754957604174e-09,636.9192807306142
288,19.25,623487.0199105466,1.79155,2.8734359221416328e-06,1.0,0.12682,2.034043948792955e-07,14.12671502917521,0.0337372,5.4110508996386756e-08,53.10310280639768,0.00280763,4.5031089827705134e-09,638.100461955457
289,19.25,623487.0199105466,1.78587,2.864325868814757e-06,1.0,0.126791,2.0335788228308432e-07,14.085147999463686,0.0337137,5.407281775462943e-08,52.971640609010585,0.00274327,4.399883096834293e-09,651.000448370011
290,19.5,741455.2001894653,2.22667,3.003107941560077e-06,1.0,0.158405,2.1364068922778138e-07,14.05681638837158,0.0449011,6.055807550952012e-08,49.59054455236063,0.00364459,4.9154554436582164e-09,610.9521235584798
291,19.5,741455.2001894653,2.2222,2.9970792563490786e-06,1.0,0.158443,2.1369193979557064e-07,14.025233049109143,0.0449143,6.057587833833112e-08,49.476447367542185,0.00362649,4.891043989000707e-09,612.7688205399711
292,19.5,741455.2001894653,2.22212,2.9969713604168907e-06,1.0,0.158426,2.1366901190998072e-07,14.026233067804526,0.0449113,6.057183224087408e-08,49.477971022882876,0.00356109,4.8028390644371075e-09,623.9999550699364
293,19.5,741455.2001894653,2.21932,2.993195002790315e-06,1.0,0.158611,2.139185212531652e-07,13.992219959523615,0.0449227,6.058720741121085e-08,49.40308574506875,0.00362503,4.889074888238278e-09,612.2211402388394
294,19.5,741455.2001894653,2.21856,2.99216999143453e-06,1.0,0.158562,2.1385243499470013e-07,13.991750860861996,0.0449321,6.059988518324293e-08,49.37583598362863,0.00365618,4.931086866833937e-09,606.7972583406724
295,19.75,881743.7995210789,2.77948,3.152253524787677e-06,1.0,0.197929,2.2447450167214734e-07,14.042813332053413,0.0450419,5.108275218319041e-08,61.7087645059378,0.00367954,4.173026225983727e-09,755.3879017485882
296,19.75,881743.7995210789,2.7998,3.1752987676473794e-06,1.0,0.198046,2.2460719327719585e-07,14.137119659069104,0.0450007,5.103602659235282e-08,62.21680996073395,0.0036075,4.0913244889949005e-09,776.105336105336
297,19.75,881743.7995210789,2.80537,3.181615795340713e-06,1.0,0.197975,2.2452667102114078e-07,14.170324535926252,0.0449768,5.100892121320189e-08,62.37371266964302,0.00369091,4.185921128115362e-09,760.0754285528501
298,19.75,881743.7995210789,2.80207,3.1778732116085767e-06,1.0,0.198099,2.246673014401665e-07,14.144796288724326,0.0449961,5.103080965745348e-08,62.27361926922556,0.00362185,4.107599057648282e-09,773.657108936041
299,19.75,881743.7995210789,2.79579,3.1707509613546926e-06,1.0,0.198043,2.2460379092834845e-07,14.11708568341219,0.0450668,5.11109916786238e-08,62.036576814861505,0.003697,4.1928278962755776e-09,756.2320800649176
300,20.0,1048576.0,2.87445,2.7412891387939453e-06,1.0,0.202774,1.9338035583496095e-07,14.175633957016185,0.0450161,4.2930698394775394e-08,63.853821188419246,0.00361375,3.446340560913086e-09,795.4202698028363
301,20.0,1048576.0,2.87492,2.741737365722656e-06,1.0,0.202718,1.933269500732422e-07,14.181868408330784,0.0560794,5.348148345947266e-08,51.26517045474809,0.00424406,4.047451019287109e-09,677.3985287672652
302,20.0,1048576.0,2.87259,2.73951530456543e-06,1.0,0.202783,1.9338893890380859e-07,14.165832441575478,0.0450259,4.294004440307617e-08,63.79861368678916,0.00438403,4.180936813354492e-09,655.2395854955373
303,20.0,1048576.0,2.87367,2.7405452728271486e-06,1.0,0.202732,1.9334030151367187e-07,14.174723279995266,0.0560723,5.347471237182617e-08,51.24936911808505,0.00422142,4.025859832763672e-09,680.7353923561267
304,20.0,1048576.0,2.8513,2.7192115783691408e-06,1.0,0.202699,1.9330883026123046e-07,14.066670284510533,0.0561805,5.357789993286133e-08,50.752485292939724,0.00438961,4.1862583160400394e-09,649.5565665286894
305,20.25,1246974.0398210932,3.59308,2.8814392964552085e-06,1.0,0.253353,2.0317423772218164e-07,14.18210954675887,0.067408,5.405726009313811e-08,53.30346546403988,0.00519313,4.164585495897791e-09,691.8910175558864
306,20.25,1246974.0398210932,3.59156,2.8802203456579506e-06,1.0,0.253377,2.031934843137173e-07,14.174767244067139,0.0673301,5.3994788864778645e-08,53.342561499240304,0.00519995,4.170054735659173e-09,690.6912566466985
307,20.25,1246974.0398210932,3.59566,2.8835083050452912e-06,1.0,0.253464,2.0326325320803407e-07,14.186077707287819,0.0673648,5.402261622837394e-08,53.37594708215566,0.00517423,4.149428805063465e-09,694.9169248371255
308,20.25,1246974.0398210932,3.57864,2.8698592638812573e-06,1.0,0.253533,2.0331858715869907e-07,14.115085610157257,0.0673868,5.404025893728162e-08,53.10594953314299,0.00504107,4.0426422996931486e-09,709.8969068074833
309,20.25,1246974.0398210932,3.5921,2.8806533939675027e-06,1.0,0.253382,2.0319749402028724e-07,14.176618702196683,0.06763,5.4235291064842906e-08,53.11400266154074,0.00520213,4.171802967723662e-09,690.5056198134225
310,20.5,1482910.4003789306,4.49215,3.0292794486114014e-06,1.0,0.316813,2.1364271227650993e-07,14.179184566289893,0.0898354,6.058046391544911e-08,50.00422995834604,0.00711522,4.798145591386935e-09,631.3437954132128
311,20.5,1482910.4003789306,4.48973,3.0276475226370597e-06,1.0,0.316776,2.1361776134219147e-07,14.173201252620148,0.0897329,6.051134308389125e-08,50.03437980941215,0.00730397,4.9254290738898344e-09,614.6972126117714
312,20.5,1482910.4003789306,4.48038,3.0213423540998303e-06,1.0,0.316763,2.1360899479770121e-07,14.144265586574189,0.0897843,6.05460046521066e-08,49.90159749533048,0.00704684,4.752033567368136e-09,635.7998762565916
313,20.5,1482910.4003789306,4.4767,3.0188607476595088e-06,1.0,0.316752,2.1360157695236327e-07,14.133138859423147,0.0897448,6.051936784384771e-08,49.882555869532275,0.00729717,4.9208434967718495e-09,613.4844055983347
314,20.5,1482910.4003789306,4.48311,3.023183328442786e-06,1.0,0.316845,2.136642914629475e-07,14.14922122804526,0.0897802,6.05432398188443e-08,49.934283951249824,0.00712765,4.806527756618781e-09,628.9744866821462
315,20.75,1763487.5990421579,5.54453,3.1440708758096873e-06,1.0,0.395882,2.2448811106753695e-07,14.005511743398285,0.0898787,5.0966448558423555e-08,61.689031995344834,0.00716079,4.060584267158668e-09,774.2902668560312
316,20.75,1763487.5990421579,5.61315,3.1829824054610844e-06,1.0,0.395696,2.2438263825326763e-07,14.185511099429865,0.0900157,5.1044135523772455e-08,62.35745542166533,0.00934585,5.299640329240885e-09,600.6034764093154
317,20.75,1763487.5990421579,5.61298,3.182886005577075e-06,1.0,0.395933,2.245170310327398e-07,14.176590483743464,0.0897817,5.0911443918723974e-08,62.518085534134464,0.00726927,4.122098734319607e-09,772.1518116674714
318,20.75,1763487.5990421579,5.59262,3.1713407018215743e-06,1.0,0.395817,2.244512522883568e-07,14.129307230361507,0.0898411,5.09451271723132e-08,62.25012828204464,0.00839481,4.760345354602811e-09,666.1997114884076
319,20.75,1763487.5990421579,5.60384,3.1777030941662066e-06,1.0,0.395801,2.244421793580971e-07,14.15822597719561,0.0899018,5.097954760148603e-08,62.332901009768435,0.00720751,4.087077223517066e-09,777.5001352755667
320,21.0,2097152.0,5.74368,2.738800048828125e-06,1.0,0.405348,1.932849884033203e-07,14.169750436661833,0.112115,5.346059799194336e-08,51.23025464924408,0.00711311,3.3917951583862303e-09,807.4780229744796
321,21.0,2097152.0,5.73163,2.7330541610717773e-06,1.0,0.405408,1.933135986328125e-07,14.13793018391349,0.0898743,4.285540580749512e-08,63.77384858630331,0.00826369,3.940434455871582e-09,693.5920877961298
322,21.0,2097152.0,5.72797,2.731308937072754e-06,1.0,0.405413,1.9331598281860353e-07,14.128727988495681,0.0898662,4.285154342651367e-08,63.73886956386273,0.00712275,3.3963918685913085e-09,804.1795654768173
323,21.0,2097152.0,5.73505,2.734684944152832e-06,1.0,0.405396,1.9330787658691405e-07,14.1467848720757,0.0899022,4.2868709564208985e-08,63.79209852484144,0.00705508,3.364124298095703e-09,812.8965227892526
324,21.0,2097152.0,5.71912,2.7270889282226563e-06,1.0,0.405432,1.9332504272460938e-07,14.10623729749995,0.0898541,4.284577369689942e-08,63.6489598137425,0.00848515,4.046034812927246e-09,674.0151912458825
325,21.25,2493948.0796421864,7.12755,2.857938406248862e-06,1.0,0.506301,2.0301184460609957e-07,14.077692913899044,0.134587,5.396543781268677e-08,52.958681001879825,0.0113202,4.539068031289626e-09,629.6311019239943
326,21.25,2493948.0796421864,7.18395,2.8805531513032547e-06,1.0,0.506711,2.0317624257546664e-07,14.17760814349797,0.134514,5.393616695472629e-08,53.40670859538785,0.010962,4.395440341954813e-09,655.3503010399563
327,21.25,2493948.0796421864,7.18225,2.8798715011863667e-06,1.0,0.506624,2.0314135812830824e-07,14.176687247347145,0.134609,5.3974259167140615e-08,53.35638776010519,0.0111238,4.460317394256243e-09,645.6651503982453
328,21.25,2493948.0796421864,7.18361,2.880416821279877e-06,1.0,0.506793,2.0320912216934004e-07,14.174643296178122,0.134504,5.393215724815637e-08,53.408151430440725,0.0110468,4.429442653667801e-09,650.2887714089147
329,21.25,2493948.0796421864,7.17884,2.8785041912460213e-06,1.0,0.506658,2.03154991130646e-07,14.169005522462882,0.137619,5.5181180844688864e-08,52.16459936491328,0.0108658,4.356866964752107e-09,660.6821402933977
330,21.5,2965820.800757861,8.95854,3.0205938260702764e-06,1.0,0.633198,2.1349840146720863e-07,14.148086380563424,0.179307,6.0457799727543e-08,49.962020445381384,0.0140606,4.740879825378213e-09,637.1378177318179
331,21.5,2965820.800757861,8.98062,3.028038645391241e-06,1.0,0.633393,2.1356415055088562e-07,14.178590543311973,0.179303,6.045645102839066e-08,50.086278534101496,0.0141783,4.7805652979360705e-09,633.405979560314
332,21.5,2965820.800757861,8.95214,3.018435907426519e-06,1.0,0.633418,2.1357257992058782e-07,14.133068526628545,0.179403,6.049016850719938e-08,49.899611489217016,0.0139988,4.720042423474427e-09,639.4933851472983
333,21.5,2965820.800757861,8.97917,3.027549741948515e-06,1.0,0.633177,2.134913207966588e-07,14.181137343902257,0.17937,6.04790417391925e-08,50.059485978703236,0.0142613,4.808550805347304e-09,629.6179170201875
334,21.5,2965820.800757861,8.97792,3.0271282734634055e-06,1.0,0.633287,2.135284100233484e-07,14.176700295442664,0.179385,6.04840993610138e-08,50.048331800317754,0.0141425,4.7684944405225505e-09,634.8184550114901
335,21.75,3526975.1980843158,11.1076,3.1493275047789157e-06,1.0,0.792058,2.245714686142982e-07,14.023720485115987,0.179483,5.088864818144641e-08,61.886641074642164,0.0141611,4.015083521906146e-09,784.374095232715
336,21.75,3526975.1980843158,11.1857,3.171471125194058e-06,1.0,0.791503,2.2441410998010604e-07,14.132226915122244,0.179532,5.090254110590661e-08,62.30477018024642,0.0141511,4.012248231199982e-09,790.4473857155981
337,21.75,3526975.1980843158,11.2085,3.1779355880041124e-06,1.0,0.791643,2.2445380404999234e-07,14.15852852864233,0.179505,5.089488582099997e-08,62.441157627921235,0.0141575,4.014062817251927e-09,791.7005120960622
338,21.75,3526975.1980843158,11.2018,3.1760359432309823e-06,1.0,0.791641,2.2445323699185114e-07,14.15010086642809,0.179463,5.0882977600034086e-08,62.418437226614955,0.0172473,4.8901109396425325e-09,649.481368098195
339,21.75,3526975.1980843158,11.2171,3.1803739380114135e-06,1.0,0.791553,2.2442828643363686e-07,14.171003078757835,0.179505,5.089488582099997e-08,62.48906715690371,0.0143353,4.064474286007526e-09,782.481008419775
