n,lane,threads,seq,simd,par,par_simd,par_sr,par_simd_sr
5,16,2,9.7e-08,2.38e-07,3.0841e-05,2.4672e-05,2.1638e-05,5.409e-06
5,16,2,7.9e-08,1.07e-07,5.0628e-05,6.2895e-05,7.784e-06,4.075e-06
5,16,2,6.3e-08,8.8e-08,4.7934e-05,4.9935e-05,6.718e-06,3.921e-06
5,16,2,3e-08,7.1e-08,5.8804e-05,4.8702e-05,5.735e-06,3.404e-06
5,16,2,4.9e-08,5.1e-08,6.3253e-05,5.6352e-05,5.989e-06,3.449e-06
5.25,16,2,5.5e-08,1.1e-07,4.4249e-05,3.4285e-05,1.7291e-05,1.365e-05
5.25,16,2,4e-08,1.7e-07,3.5984e-05,3.5952e-05,1.3617e-05,1.2447e-05
5.25,16,2,4e-08,4.2e-08,3.7422e-05,3.2997e-05,1.4424e-05,1.3381e-05
5.25,16,2,3.3e-08,4.6e-08,4.5889e-05,3.1688e-05,1.4964e-05,2.657e-05
5.25,16,2,4e-08,6.6e-08,3.2517e-05,3.493e-05,1.9328e-05,1.2735e-05
5.5,16,2,2.21e-07,6.5e-08,4.8203e-05,4.8998e-05,1.2815e-05,1.4037e-05
5.5,16,2,6.7e-08,3.7e-08,4.954e-05,4.6377e-05,1.5845e-05,1.3399e-05
5.5,16,2,5.4e-08,5.1e-08,4.4843e-05,4.7205e-05,1.3635e-05,1.8996e-05
5.5,16,2,4.2e-08,3.7e-08,5.0824e-05,5.0641e-05,2.0545e-05,1.5718e-05
5.5,16,2,4.4e-08,3.35e-07,3.0706e-05,2.889e-05,1.5084e-05,1.2911e-05
5.75,16,2,1.55e-07,8.9e-08,2.7581e-05,3.6318e-05,1.6044e-05,1.42e-05
5.75,16,2,2.72e-07,8.6e-08,1.1033e-05,1.23e-05,1.4805e-05,1.3312e-05
5.75,16,2,5.4e-08,5.1e-08,1.1528e-05,1.1216e-05,1.4619e-05,1.8545e-05
5.75,16,2,5.5e-08,5.2e-08,1.1437e-05,1.0903e-05,1.7628e-05,1.505e-05
5.75,16,2,5.5e-08,4.2e-08,1.1575e-05,1.0868e-05,1.4655e-05,1.4823e-05
6,16,2,6.7e-08,7e-08,1.2109e-05,1.2007e-05,1.4816e-05,1.2946e-05
6,16,2,5.4e-08,3.5e-08,1.2096e-05,1.164e-05,1.6109e-05,1.306e-05
6,16,2,3.8e-08,3.6e-08,1.1876e-05,1.1476e-05,1.6492e-05,1.6268e-05
6,16,2,4.1e-08,3.8e-08,1.1932e-05,1.1386e-05,1.8097e-05,1.305e-05
6,16,2,3.8e-08,3.6e-08,1.284e-05,1.1493e-05,1.2336e-05,1.2965e-05
6.25,16,2,6.9e-08,6.1e-08,8.799e-06,2.3785e-05,1.5499e-05,1.3675e-05
6.25,16,2,5.9e-08,5.2e-08,9.329e-06,1.0549e-05,1.8801e-05,1.4327e-05
6.25,16,2,5.6e-08,6.4e-08,9.434e-06,8.58e-06,1.5284e-05,1.2404e-05
6.25,16,2,4.6e-08,4.1e-08,1.024e-05,9.267e-06,1.5613e-05,1.5658e-05
6.25,16,2,4.6e-08,3.8e-08,6.743e-06,9.286e-06,1.4045e-05,1.3995e-05
6.5,16,2,2.31e-07,9.8e-08,8.611e-06,9.908e-06,1.5964e-05,2.0519e-05
6.5,16,2,5.9e-08,4.8e-08,1.0873e-05,1.4417e-05,1.2403e-05,1.3199e-05
6.5,16,2,5e-08,3.3e-08,1.0854e-05,1.1498e-05,1.4309e-05,1.2692e-05
6.5,16,2,4.9e-08,3.5e-08,9.279e-06,1.4133e-05,1.2995e-05,1.4321e-05
6.5,16,2,4.9e-08,3.5e-08,1.0041e-05,1.1904e-05,1.2681e-05,1.274e-05
6.75,16,2,4.37e-07,7.8e-08,1.0963e-05,1.3374e-05,1.3104e-05,1.5783e-05
6.75,16,2,8.1e-08,4.8e-08,1.0738e-05,1.128e-05,1.6683e-05,1.3567e-05
6.75,16,2,6.6e-08,4.8e-08,1.0361e-05,1.068e-05,1.4561e-05,2.1695e-05
6.75,16,2,6.7e-08,3.9e-08,8.222e-06,1.2815e-05,1.3939e-05,1.3328e-05
6.75,16,2,6.3e-08,3.9e-08,1.713e-05,1.0932e-05,2.9389e-05,1.4164e-05
7,16,2,8.4e-08,8e-08,2.3984e-05,1.5566e-05,1.3406e-05,1.6299e-05
7,16,2,7e-08,4.9e-08,1.1275e-05,1.4877e-05,1.3136e-05,1.3264e-05
7,16,2,5.7e-08,5e-08,1.0919e-05,1.1825e-05,1.5899e-05,2.8487e-05
7,16,2,6.6e-08,5.7e-08,1.1302e-05,1.2529e-05,1.5974e-05,1.3653e-05
7,16,2,6.4e-08,5.3e-08,1.0817e-05,1.2067e-05,1.2645e-05,1.948e-05
7.25,16,2,8.9e-08,7.3e-08,9.206e-06,9.759e-06,1.4541e-05,1.3167e-05
7.25,16,2,7.3e-08,6.3e-08,7.349e-06,9.177e-06,1.8886e-05,1.3093e-05
7.25,16,2,6.7e-08,6.2e-08,1.0785e-05,1.149e-05,1.427e-05,1.3516e-05
7.25,16,2,6.7e-08,4.4e-08,1.0343e-05,8.991e-06,1.5058e-05,1.3639e-05
7.25,16,2,6.7e-08,8.3e-08,6.901e-06,9.786e-06,1.445e-05,1.4677e-05
7.5,16,2,6.9e-07,9.6e-08,8.117e-06,1.1189e-05,2.1997e-05,1.9119e-05
7.5,16,2,1.65e-07,1.14e-07,9.734e-06,1.1797e-05,4.082e-06,3.451e-06
7.5,16,2,9.6e-08,5.5e-08,1.1324e-05,1.0889e-05,3.159e-06,2.951e-06
7.5,16,2,9.7e-08,4.8e-08,1.0247e-05,1.0306e-05,4.484e-06,3.105e-06
7.5,16,2,8.1e-08,4.2e-08,8.632e-06,1.75e-05,5.072e-06,3.849e-06
7.75,16,2,1.36e-07,8.1e-08,1.1189e-05,1.1676e-05,4.001e-06,3.159e-06
7.75,16,2,1.14e-07,6.6e-08,8.521e-06,1.11e-05,3.49e-06,3.363e-06
7.75,16,2,9.8e-08,4.9e-08,1.122e-05,1.3141e-05,3.805e-06,3.444e-06
7.75,16,2,1.02e-07,4.5e-08,1.2225e-05,1.2173e-05,3.561e-06,2.969e-06
7.75,16,2,1.03e-07,8.5e-08,1.0875e-05,1.0692e-05,4.139e-06,3.135e-06
8,16,2,1.1e-07,8.2e-08,8.71e-06,1.0631e-05,3.261e-06,2.838e-06
8,16,2,9.4e-08,6.7e-08,1.1015e-05,1.1173e-05,3.363e-06,3.001e-06
8,16,2,9.5e-08,4.6e-08,1.2652e-05,1.5715e-05,5.361e-06,4.202e-06
8,16,2,1.18e-07,7.3e-08,1.2198e-05,1.047e-05,5.415e-06,3.381e-06
8,16,2,9.5e-08,5.2e-08,1.1084e-05,1.0581e-05,4.124e-06,3.213e-06
8.25,16,2,7.63e-07,1.03e-07,9.323e-06,9.314e-06,4.567e-06,4.29e-06
8.25,16,2,2.49e-07,1.18e-07,7.271e-06,9.35e-06,5.744e-06,3.944e-06
8.25,16,2,3.82e-07,1.1e-07,9.001e-06,1.037e-05,5.272e-06,3.738e-06
8.25,16,2,1.2e-07,7.5e-08,1.0777e-05,8.86e-06,4.224e-06,3.732e-06
8.25,16,2,1.15e-07,7.1e-08,7.531e-06,8.611e-06,4.389e-06,3.115e-06
8.5,16,2,5.94e-07,1.12e-07,7.046e-06,1.0136e-05,3.479e-06,3.173e-06
8.5,16,2,1.59e-07,6.6e-08,7.898e-06,1.1858e-05,3.441e-06,3.146e-06
8.5,16,2,1.5e-07,7.9e-08,7.942e-06,1.0798e-05,3.141e-06,2.906e-06
8.5,16,2,1.44e-07,6.8e-08,8.637e-06,1.0322e-05,6.09e-06,3.879e-06
8.5,16,2,2.33e-07,6.3e-08,9.402e-06,1.0153e-05,4.101e-06,3.55e-06
8.75,16,2,3.14e-07,1.09e-07,1.0667e-05,1.0946e-05,4.008e-06,3.133e-06
8.75,16,2,1.75e-07,8.3e-08,9.126e-06,1.1545e-05,5.878e-06,4.027e-06
8.75,16,2,2.2e-07,5.6e-08,1.1789e-05,1.1162e-05,3.511e-06,3.195e-06
8.75,16,2,2.27e-07,1.06e-07,2.8008e-05,1.4704e-05,3.28e-06,3.436e-06
8.75,16,2,1.79e-07,7.9e-08,1.0913e-05,1.1808e-05,3.332e-06,3.098e-06
9,16,2,1.78e-07,9.4e-08,9.109e-06,1.2817e-05,8.624e-06,3.462e-06
9,16,2,1.76e-07,7.3e-08,1.1088e-05,1.1596e-05,3.51e-06,3.378e-06
9,16,2,1.76e-07,6.1e-08,9.579e-06,9.646e-06,5.729e-06,3.431e-06
9,16,2,1.79e-07,6.9e-08,8.147e-06,2.0017e-05,4.285e-06,3.135e-06
9,16,2,2.26e-07,7.1e-08,1.4398e-05,1.0934e-05,3.659e-06,3.22e-06
9.25,16,2,2.18e-07,9.5e-08,7.938e-06,8.697e-06,4.487e-06,3.155e-06
9.25,16,2,2.19e-07,8.7e-08,8.527e-06,9.154e-06,4.545e-06,4.411e-06
9.25,16,2,4.12e-07,1.14e-07,9.609e-06,8.576e-06,4.757e-06,3.355e-06
9.25,16,2,2.24e-07,8.1e-08,7.676e-06,8.837e-06,4.69e-06,3.224e-06
9.25,16,2,2.14e-07,8.1e-08,9.263e-06,9.979e-06,3.334e-06,2.91e-06
9.5,16,2,2.87e-07,9.9e-08,1.1048e-05,1.1476e-05,3.661e-06,3.397e-06
9.5,16,2,2.72e-07,1.02e-07,8.717e-06,1.1436e-05,3.366e-06,3.164e-06
9.5,16,2,2.72e-07,9.6e-08,9.885e-06,1.3772e-05,4.597e-06,3.507e-06
9.5,16,2,2.76e-07,8.7e-08,7.565e-06,1.0296e-05,5.749e-06,4.342e-06
9.5,16,2,5.32e-07,1.32e-07,9.458e-06,1.7874e-05,4.539e-06,4.397e-06
9.75,16,2,5.16e-07,1.16e-07,1.0936e-05,1.5128e-05,5.879e-06,3.42e-06
9.75,16,2,3.42e-07,1.1e-07,9.645e-06,1.0583e-05,4.085e-06,3.709e-06
9.75,16,2,3.66e-07,9.7e-08,1.0028e-05,1.1545e-05,3.957e-06,3.549e-06
9.75,16,2,3.37e-07,9.2e-08,9.871e-06,1.1175e-05,3.414e-06,3.155e-06
9.75,16,2,3.6e-07,9.4e-08,1.0231e-05,1.3192e-05,4.605e-06,3.739e-06
10,16,2,3.62e-07,1.1e-07,9.698e-06,1.0736e-05,5.465e-06,1.4545e-05
10,16,2,3.77e-07,1.04e-07,1.1585e-05,1.0842e-05,5.728e-06,4.174e-06
10,16,2,5.87e-07,1.06e-07,9.826e-06,1.0423e-05,4.6e-06,3.12e-06
10,16,2,3.52e-07,1.05e-07,1.2044e-05,1.1476e-05,3.616e-06,3.016e-06
10,16,2,3.35e-07,9.9e-08,8.993e-06,1.1293e-05,3.924e-06,3.713e-06
10.25,16,2,6.04e-07,1.21e-07,7.034e-06,8.471e-06,5.22e-06,2.854e-06
10.25,16,2,4.09e-07,1.18e-07,8.176e-06,9.79e-06,3.324e-06,3.101e-06
10.25,16,2,4.06e-07,1.18e-07,1.5217e-05,1.236e-05,3.706e-06,3.524e-06
10.25,16,2,4.21e-07,1.21e-07,1.0629e-05,9.899e-06,3.903e-06,3.396e-06
10.25,16,2,4.19e-07,1.14e-07,7.721e-06,1.0236e-05,5.836e-06,4.654e-06
10.5,16,2,5.78e-07,1.46e-07,1.3404e-05,1.7981e-05,4.661e-06,3.252e-06
10.5,16,2,5.35e-07,1.46e-07,9.176e-06,1.0733e-05,4.657e-06,4.345e-06
10.5,16,2,8.68e-07,1.46e-07,1.3251e-05,1.1449e-05,4.167e-06,3.473e-06
10.5,16,2,5.4e-07,1.4e-07,1.0488e-05,1.073e-05,4.725e-06,3.47e-06
10.5,16,2,5.31e-07,1.39e-07,8.82e-06,1.1225e-05,3.69e-06,3.352e-06
10.75,16,2,8.47e-07,1.64e-07,1.2728e-05,1.1113e-05,4.629e-06,3.857e-06
10.75,16,2,9.98e-07,1.63e-07,9.976e-06,1.1342e-05,4.335e-06,4.132e-06
10.75,16,2,6.75e-07,1.74e-07,1.0243e-05,9.651e-06,4.447e-06,4.09e-06
10.75,16,2,3.543e-06,1.94e-07,1.0128e-05,1.155e-05,5.557e-06,3.37e-06
10.75,16,2,6.82e-07,1.63e-07,1.3532e-05,1.233e-05,4.28e-06,3.65e-06
11,16,2,6.67e-07,1.98e-07,1.0079e-05,1.1777e-05,3.976e-06,3.309e-06
11,16,2,7.16e-07,1.65e-07,1.1302e-05,2.2349e-05,5.43e-06,3.554e-06
11,16,2,7.11e-07,1.65e-07,1.0332e-05,1.0823e-05,3.968e-06,3.165e-06
11,16,2,6.6e-07,1.65e-07,9.557e-06,1.0657e-05,4.158e-06,3.944e-06
11,16,2,7e-07,1.65e-07,1.2084e-05,1.5149e-05,1.1928e-05,4.493e-06
11.25,16,2,8.47e-07,1.94e-07,8.531e-06,9.549e-06,4.537e-06,4.858e-06
11.25,16,2,8.18e-07,2.12e-07,1.0746e-05,9.616e-06,4.145e-06,3.216e-06
11.25,16,2,1.156e-06,1.95e-07,8.286e-06,1.0197e-05,4.57e-06,4.081e-06
11.25,16,2,1.175e-06,2.03e-07,7.909e-06,8.817e-06,5.038e-06,4.369e-06
11.25,16,2,8.47e-07,1.85e-07,8.064e-06,9.251e-06,4.279e-06,4.658e-06
11.5,16,2,1.048e-06,2.35e-07,1.0332e-05,1.1029e-05,4.614e-06,3.879e-06
11.5,16,2,1.048e-06,2.32e-07,9.071e-06,1.0804e-05,4.735e-06,4.184e-06
11.5,16,2,1.022e-06,2.44e-07,9.828e-06,1.1677e-05,4.666e-06,3.454e-06
11.5,16,2,1.021e-06,2.31e-07,1.1861e-05,1.3113e-05,4.252e-06,3.556e-06
11.5,16,2,1.008e-06,2.31e-07,1.1552e-05,1.2e-05,4.254e-06,4.416e-06
11.75,16,2,1.531e-06,2.82e-07,1.0786e-05,1.1675e-05,5.001e-06,4.07e-06
11.75,16,2,1.894e-06,2.84e-07,1.8303e-05,1.0957e-05,4.255e-06,4.547e-06
11.75,16,2,1.563e-06,2.63e-07,9.601e-06,1.187e-05,4.864e-06,4.488e-06
11.75,16,2,1.275e-06,2.76e-07,1.3181e-05,1.1305e-05,4.27e-06,4.154e-06
11.75,16,2,1.613e-06,2.91e-07,9.35e-06,1.1104e-05,4.626e-06,4.531e-06
12,16,2,1.274e-06,2.83e-07,1.0129e-05,1.6484e-05,8.936e-06,3.506e-06
12,16,2,1.274e-06,2.91e-07,3.5315e-05,1.1916e-05,4.481e-06,3.349e-06
12,16,2,1.28e-06,2.82e-07,1.2001e-05,1.1108e-05,4.846e-06,3.724e-06
12,16,2,1.274e-06,2.91e-07,1.1068e-05,1.1293e-05,4.427e-06,3.386e-06
12,16,2,1.271e-06,2.91e-07,1.0098e-05,1.094e-05,4.419e-06,4.143e-06
12.25,16,2,2.056e-06,3.76e-07,8.925e-06,9.767e-06,4.454e-06,3.716e-06
12.25,16,2,1.602e-06,3.43e-07,8.44e-06,1.0585e-05,4.506e-06,3.005e-06
12.25,16,2,1.916e-06,3.46e-07,8.252e-06,9.499e-06,5.034e-06,3.475e-06
12.25,16,2,1.621e-06,3.53e-07,8.48e-06,9.831e-06,4.988e-06,4.305e-06
12.25,16,2,1.663e-06,3.55e-07,8.055e-06,1.3784e-05,7.123e-06,4.392e-06
12.5,16,2,2.349e-06,4.13e-07,9.827e-06,1.2496e-05,4.649e-06,4.03e-06
12.5,16,2,1.985e-06,4.13e-07,1.02e-05,1.1188e-05,1.9318e-05,4.811e-06
12.5,16,2,2.035e-06,4.18e-07,1.4194e-05,1.2591e-05,4.535e-06,4.778e-06
12.5,16,2,2.342e-06,4.13e-07,1.194e-05,1.2528e-05,4.821e-06,4.94e-06
12.5,16,2,2.059e-06,4.24e-07,9.814e-06,1.1344e-05,5.164e-06,5.003e-06
12.75,16,2,2.92e-06,5.1e-07,1.129e-05,1.0998e-05,5.502e-06,4.069e-06
12.75,16,2,2.611e-06,5.3e-07,1.1912e-05,1.5219e-05,1.0882e-05,4.652e-06
12.75,16,2,2.654e-06,5.14e-07,1.0887e-05,1.2707e-05,5.193e-06,4.224e-06
12.75,16,2,2.555e-06,5.08e-07,1.1264e-05,1.216e-05,5.687e-06,4.69e-06
12.75,16,2,2.99e-06,5.26e-07,1.2052e-05,1.2836e-05,4.829e-06,4.877e-06
13,16,2,2.721e-06,5.32e-07,1.4841e-05,1.2649e-05,4.94e-06,4.708e-06
13,16,2,2.77e-06,5.3e-07,1.2893e-05,1.3199e-05,4.671e-06,4.684e-06
13,16,2,2.659e-06,5.19e-07,1.3516e-05,1.1911e-05,5.257e-06,4.529e-06
13,16,2,2.696e-06,5.41e-07,1.3609e-05,1.3129e-05,4.935e-06,4.499e-06
13,16,2,2.745e-06,5.34e-07,1.5812e-05,1.2484e-05,5.413e-06,4.03e-06
13.25,16,2,3.431e-06,7.43e-07,9.966e-06,1.208e-05,5.919e-06,4.542e-06
13.25,16,2,3.617e-06,7.64e-07,1.2331e-05,1.1452e-05,6.339e-06,4.314e-06
13.25,16,2,3.409e-06,7.67e-07,1.0626e-05,1.0278e-05,6.584e-06,4.718e-06
13.25,16,2,3.892e-06,7.68e-07,1.3178e-05,1.101e-05,6.425e-06,4.337e-06
13.25,16,2,3.627e-06,7.44e-07,8.828e-06,1.0367e-05,5.383e-06,4.989e-06
13.5,16,2,4.415e-06,9.25e-07,1.3763e-05,1.2121e-05,6.609e-06,4.599e-06
13.5,16,2,4.231e-06,9.15e-07,1.1876e-05,1.2076e-05,6.648e-06,4.149e-06
13.5,16,2,4.236e-06,9.16e-07,1.1359e-05,1.4797e-05,1.1131e-05,4.812e-06
13.5,16,2,4.259e-06,9.45e-07,1.1008e-05,1.3783e-05,6.623e-06,4.233e-06
13.5,16,2,4.25e-06,9.24e-07,1.3093e-05,1.1532e-05,6.043e-06,5.281e-06
13.75,16,2,5.981e-06,1.099e-06,1.6274e-05,1.3648e-05,7.384e-06,5.374e-06
13.75,16,2,8.474e-06,1.108e-06,1.368e-05,1.3521e-05,7.126e-06,4.61e-06
13.75,16,2,5.242e-06,1.111e-06,1.955e-05,1.4112e-05,6.825e-06,4.869e-06
13.75,16,2,5.296e-06,1.134e-06,1.2593e-05,1.3263e-05,7.422e-06,5.046e-06
13.75,16,2,5.652e-06,1.147e-06,1.3704e-05,1.2187e-05,6.463e-06,4.699e-06
14,16,2,5.416e-06,1.159e-06,1.5906e-05,1.4913e-05,6.913e-06,4.561e-06
14,16,2,5.387e-06,1.169e-06,1.2313e-05,1.3668e-05,6.372e-06,4.904e-06
14,16,2,5.37e-06,1.154e-06,1.2962e-05,1.2306e-05,7.067e-06,4.566e-06
14,16,2,5.425e-06,1.158e-06,1.3541e-05,1.4527e-05,6.933e-06,4.74e-06
14,16,2,5.44e-06,1.18e-06,1.3895e-05,1.5798e-05,7.588e-06,4.645e-06
14.25,16,2,7.523e-06,1.452e-06,1.5077e-05,1.1103e-05,7.788e-06,5.071e-06
14.25,16,2,6.935e-06,1.464e-06,1.2858e-05,1.0937e-05,9.1e-06,5.267e-06
14.25,16,2,6.671e-06,1.427e-06,1.1834e-05,1.1594e-05,7.511e-06,5.971e-06
14.25,16,2,6.971e-06,1.422e-06,1.1281e-05,2.3027e-05,7.767e-06,4.578e-06
14.25,16,2,7.138e-06,1.456e-06,1.3177e-05,1.0763e-05,1.1009e-05,5.86e-06
14.5,16,2,8.884e-06,1.729e-06,1.593e-05,1.771e-05,8.64e-06,6.111e-06
14.5,16,2,8.46e-06,1.775e-06,1.6302e-05,1.2265e-05,8.499e-06,5.724e-06
14.5,16,2,8.427e-06,1.765e-06,1.378e-05,1.3286e-05,8.667e-06,4.784e-06
14.5,16,2,8.372e-06,1.772e-06,1.4123e-05,1.2303e-05,1.056e-05,6.296e-06
14.5,16,2,8.485e-06,1.778e-06,1.4017e-05,1.2482e-05,8.367e-06,6.142e-06
14.75,16,2,1.2056e-05,2.133e-06,1.7255e-05,1.6237e-05,1.0196e-05,6.005e-06
14.75,16,2,1.073e-05,2.243e-06,1.6916e-05,1.2871e-05,9.879e-06,6.138e-06
14.75,16,2,1.0679e-05,2.196e-06,1.6515e-05,1.3982e-05,9.754e-06,5.962e-06
14.75,16,2,1.0443e-05,2.19e-06,1.6496e-05,1.6228e-05,1.0215e-05,6.406e-06
14.75,16,2,1.0441e-05,2.186e-06,1.6287e-05,1.5271e-05,1.1158e-05,6.169e-06
15,16,2,1.0727e-05,2.245e-06,1.6639e-05,1.5711e-05,1.0031e-05,1.6415e-05
15,16,2,1.005e-05,2.13e-06,1.6013e-05,1.369e-05,9.738e-06,1.9393e-05
15,16,2,1.0067e-05,2.103e-06,1.5388e-05,1.448e-05,9.877e-06,6.872e-06
15,16,2,1.0198e-05,2.106e-06,2.8809e-05,1.4516e-05,1.0148e-05,7.289e-06
15,16,2,1.0099e-05,2.103e-06,1.5064e-05,1.4741e-05,9.712e-06,6.705e-06
15.25,16,2,1.4462e-05,2.574e-06,1.5863e-05,1.3345e-05,1.1818e-05,7.42e-06
15.25,16,2,1.2609e-05,2.616e-06,1.5506e-05,1.5225e-05,1.1462e-05,7.621e-06
15.25,16,2,1.2578e-05,2.621e-06,1.4524e-05,1.3685e-05,1.1309e-05,7.498e-06
15.25,16,2,1.6083e-05,2.542e-06,1.6979e-05,1.3315e-05,1.2085e-05,7.846e-06
15.25,16,2,1.3134e-05,2.614e-06,1.6435e-05,1.6973e-05,1.103e-05,8.028e-06
15.5,16,2,1.7051e-05,3.224e-06,1.9277e-05,1.4647e-05,1.203e-05,7.419e-06
15.5,16,2,1.6125e-05,3.278e-06,1.9214e-05,1.4449e-05,1.2387e-05,7.932e-06
15.5,16,2,1.5738e-05,3.248e-06,1.8108e-05,1.451e-05,1.3106e-05,7.673e-06
15.5,16,2,1.5759e-05,3.283e-06,1.821e-05,1.4556e-05,1.1997e-05,7.604e-06
15.5,16,2,1.5755e-05,3.326e-06,1.8571e-05,1.4632e-05,1.2407e-05,7.419e-06
15.75,16,2,2.1484e-05,4.024e-06,2.2602e-05,1.6661e-05,2.1277e-05,7.811e-06
15.75,16,2,2.0227e-05,4.031e-06,2.2775e-05,1.6869e-05,1.4535e-05,9.179e-06
15.75,16,2,2.0003e-05,4.123e-06,2.2707e-05,2.4405e-05,1.7863e-05,7.361e-06
15.75,16,2,2.0112e-05,4.08e-06,2.2317e-05,1.6519e-05,1.6897e-05,7.655e-06
15.75,16,2,1.9696e-05,4.101e-06,3.404e-05,1.5113e-05,1.5363e-05,7.494e-06
16,16,2,2.0625e-05,4.192e-06,2.3121e-05,1.7417e-05,1.6217e-05,7.739e-06
16,16,2,2.0336e-05,4.204e-06,2.3647e-05,1.7717e-05,1.6392e-05,7.817e-06
16,16,2,2.2114e-05,4.211e-06,2.5104e-05,1.7509e-05,1.6891e-05,7.684e-06
16,16,2,2.0678e-05,4.193e-06,2.342e-05,1.4999e-05,1.5887e-05,7.647e-06
16,16,2,2.0548e-05,4.196e-06,2.274e-05,1.8137e-05,1.6683e-05,7.725e-06
16.25,16,2,2.825e-05,5.189e-06,2.4132e-05,1.9642e-05,1.9414e-05,1.4697e-05
16.25,16,2,2.5975e-05,5.223e-06,2.3079e-05,1.8184e-05,1.932e-05,1.1496e-05
16.25,16,2,2.5085e-05,5.232e-06,2.2709e-05,2.0106e-05,1.8501e-05,1.1605e-05
16.25,16,2,2.5089e-05,5.207e-06,2.6816e-05,1.8149e-05,2.0646e-05,1.1927e-05
16.25,16,2,2.5651e-05,5.219e-06,2.3021e-05,1.8074e-05,1.97e-05,1.1497e-05
16.5,16,2,3.3215e-05,6.458e-06,2.7095e-05,2.1196e-05,2.5203e-05,1.1101e-05
16.5,16,2,3.246e-05,6.47e-06,2.8568e-05,2.0109e-05,2.1808e-05,1.1011e-05
16.5,16,2,3.1386e-05,6.445e-06,3.221e-05,1.9242e-05,2.1105e-05,1.173e-05
16.5,16,2,3.1592e-05,6.468e-06,2.6804e-05,1.7377e-05,2.2325e-05,1.1267e-05
16.5,16,2,3.1719e-05,6.481e-06,2.9548e-05,1.9666e-05,2.2717e-05,1.1088e-05
16.75,16,2,4.1295e-05,8.084e-06,4.0371e-05,2.1706e-05,2.9635e-05,1.1362e-05
16.75,16,2,4.0374e-05,8.037e-06,3.4116e-05,2.0348e-05,2.9223e-05,1.1668e-05
16.75,16,2,4.0771e-05,8.098e-06,3.4386e-05,2.1555e-05,2.9429e-05,1.2912e-05
16.75,16,2,3.9864e-05,7.962e-06,3.5524e-05,1.9376e-05,2.9184e-05,1.314e-05
16.75,16,2,4.0577e-05,8.016e-06,3.5891e-05,2.1203e-05,3.0464e-05,1.168e-05
17,16,2,4.1577e-05,8.2e-06,3.7016e-05,2.0645e-05,3.01e-05,1.2159e-05
17,16,2,4.0762e-05,8.226e-06,3.5337e-05,2.1198e-05,2.8745e-05,1.3011e-05
17,16,2,4.2065e-05,8.277e-06,3.8656e-05,2.0814e-05,2.8813e-05,1.193e-05
17,16,2,4.084e-05,8.209e-06,3.3502e-05,2.1328e-05,2.868e-05,1.1912e-05
17,16,2,4.0866e-05,8.225e-06,3.699e-05,2.1758e-05,2.8515e-05,1.1994e-05
17.25,16,2,5.2787e-05,1.0716e-05,4.4177e-05,2.9163e-05,3.48e-05,2.0322e-05
17.25,16,2,5.0887e-05,1.0474e-05,4.0782e-05,2.98e-05,3.4764e-05,2.0418e-05
17.25,16,2,5.0852e-05,1.0493e-05,3.9552e-05,2.835e-05,3.5811e-05,1.9596e-05
17.25,16,2,5.5178e-05,1.0557e-05,4.0351e-05,2.8971e-05,3.5369e-05,1.9775e-05
17.25,16,2,5.1395e-05,1.0479e-05,4.2679e-05,2.7414e-05,3.5303e-05,1.9416e-05
17.5,16,2,6.6074e-05,1.4683e-05,5.3896e-05,2.583e-05,4.1766e-05,1.9779e-05
17.5,16,2,6.4429e-05,1.4544e-05,5.2336e-05,2.5678e-05,4.1474e-05,1.9833e-05
17.5,16,2,6.4493e-05,1.4617e-05,5.3195e-05,2.5478e-05,5.0872e-05,1.9032e-05
17.5,16,2,6.4471e-05,1.4856e-05,5.3754e-05,2.9644e-05,4.0162e-05,1.8819e-05
17.5,16,2,6.4386e-05,1.4964e-05,5.0349e-05,2.9254e-05,3.8864e-05,2.021e-05
17.75,16,2,8.6381e-05,2.0746e-05,5.9913e-05,3.6412e-05,5.1997e-05,2.0326e-05
17.75,16,2,8.1246e-05,2.1139e-05,5.8343e-05,2.8849e-05,5.1958e-05,2.0022e-05
17.75,16,2,8.0801e-05,2.0646e-05,6.2213e-05,3.0409e-05,5.2002e-05,2.0186e-05
17.75,16,2,8.0526e-05,2.0477e-05,6.8823e-05,2.9426e-05,5.2644e-05,2.0205e-05
17.75,16,2,8.0324e-05,2.0707e-05,6.3002e-05,2.8422e-05,5.2956e-05,1.9761e-05
18,16,2,8.2912e-05,2.1625e-05,6.5105e-05,3.0668e-05,5.3769e-05,2.0351e-05
18,16,2,8.2614e-05,2.1536e-05,6.3567e-05,3.2288e-05,5.4037e-05,2.0731e-05
18,16,2,8.2578e-05,2.135e-05,6.1716e-05,3.1379e-05,5.4899e-05,2.0955e-05
18,16,2,8.2495e-05,2.1375e-05,6.1138e-05,3.0865e-05,5.4911e-05,2.099e-05
18,16,2,8.2496e-05,2.1559e-05,6.0794e-05,3.6089e-05,5.5035e-05,2.0822e-05
18.25,16,2,0.000106532,3.4673e-05,7.6039e-05,4.3799e-05,6.6507e-05,2.8212e-05
18.25,16,2,0.000102288,3.5407e-05,8.3074e-05,4.2213e-05,6.6773e-05,3.6287e-05
18.25,16,2,0.000104807,3.966e-05,7.4187e-05,4.8075e-05,6.8561e-05,3.6314e-05
18.25,16,2,0.00010482,3.5277e-05,7.3783e-05,4.7404e-05,7.0533e-05,3.7017e-05
18.25,16,2,0.000104659,3.5094e-05,7.402e-05,5.0043e-05,6.7877e-05,3.6352e-05
18.5,16,2,0.000133894,5.3886e-05,8.9168e-05,4.9654e-05,7.7647e-05,3.3658e-05
18.5,16,2,0.000155216,5.504e-05,0.000102616,5.4373e-05,8.3658e-05,3.6616e-05
18.5,16,2,0.0001403,5.4041e-05,9.256e-05,4.1452e-05,7.566e-05,3.6052e-05
18.5,16,2,0.000132283,5.4266e-05,9.2138e-05,4.8095e-05,7.6276e-05,3.6142e-05
18.5,16,2,0.000132582,5.3571e-05,8.6808e-05,4.505e-05,7.5419e-05,3.6329e-05
18.75,16,2,0.000168924,7.3765e-05,0.000117003,7.1255e-05,9.9038e-05,4.3691e-05
18.75,16,2,0.000161493,7.3557e-05,0.000114152,8.473e-05,9.8676e-05,4.4055e-05
18.75,16,2,0.00016143,7.3868e-05,0.000127366,7.1335e-05,0.000101664,4.9581e-05
18.75,16,2,0.000179753,7.4233e-05,0.000116651,7.1042e-05,9.6606e-05,4.8776e-05
18.75,16,2,0.000164672,7.4256e-05,0.000112955,7.8216e-05,0.000104212,5.0192e-05
19,16,2,0.000168893,7.6686e-05,0.000117691,6.7557e-05,0.000112296,5.3976e-05
19,16,2,0.000170489,7.5584e-05,0.000111541,8.4922e-05,0.000101461,4.9224e-05
19,16,2,0.000168842,7.6234e-05,0.000120605,6.746e-05,0.000106242,5.3763e-05
19,16,2,0.000170522,7.5737e-05,0.000112537,8.2731e-05,0.000101372,5.3084e-05
19,16,2,0.000170161,7.5673e-05,0.000115044,7.6063e-05,0.000101233,5.3427e-05
19.25,16,2,0.000218821,0.000104821,0.000145824,7.4361e-05,0.000135844,7.1188e-05
19.25,16,2,0.000212592,9.603e-05,0.000147031,8.2001e-05,0.000135559,7.0335e-05
19.25,16,2,0.00021694,9.5512e-05,0.000144493,9.5636e-05,0.000133141,7.0856e-05
19.25,16,2,0.000212595,9.6001e-05,0.000145065,8.4321e-05,0.00013546,7.0739e-05
19.25,16,2,0.000212564,9.8584e-05,0.000145121,9.8758e-05,0.000135604,7.097e-05
19.5,16,2,0.000281636,0.000138694,0.000176098,0.000122675,0.000155437,8.5479e-05
19.5,16,2,0.00026238,0.000121133,0.000164133,9.628e-05,0.000146405,7.9397e-05
19.5,16,2,0.0002673,0.00012103,0.000157872,0.00010455,0.000147604,8.2775e-05
19.5,16,2,0.000262323,0.000124444,0.000174511,0.000104436,0.000147731,8.3366e-05
19.5,16,2,0.000264853,0.000120571,0.000166935,0.000122615,0.000148669,7.9764e-05
19.75,16,2,0.00035083,0.000172284,0.000205205,0.000128684,0.000191835,0.000101918
19.75,16,2,0.000331447,0.000154178,0.000211223,0.000122056,0.000203108,0.000107926
19.75,16,2,0.000331327,0.000168554,0.0002039,0.000129507,0.000191991,0.000101547
19.75,16,2,0.000336816,0.000169382,0.000209445,0.000131715,0.000195091,0.000108367
19.75,16,2,0.000336027,0.000168725,0.000202303,0.000126975,0.000194982,0.000107073
20,16,2,0.000339668,0.000163318,0.000221808,0.000125378,0.00019353,0.000101259
20,16,2,0.000339033,0.000173179,0.000221118,0.00012365,0.000192916,0.000101685
20,16,2,0.000339603,0.000173457,0.000216931,0.000130502,0.000199859,0.000112485
20,16,2,0.000339574,0.000175402,0.0002163,0.000130898,0.000193933,0.000101253
20,16,2,0.00036039,0.000164334,0.000227502,0.000136112,0.000194102,0.000101238
20.25,16,2,0.000449278,0.000214483,0.000274081,0.000160793,0.000267667,0.00015435
20.25,16,2,0.000433426,0.000212168,0.00027806,0.000179443,0.000270299,0.000162911
20.25,16,2,0.000439282,0.000211415,0.000280951,0.000177976,0.000271297,0.000168765
20.25,16,2,0.000439445,0.000211364,0.000274917,0.000178631,0.000266203,0.000169579
20.25,16,2,0.000434029,0.000211346,0.000275297,0.000181845,0.000265509,0.00017388
20.5,16,2,0.000544335,0.000259718,0.000355442,0.000202482,0.000314895,0.000177633
20.5,16,2,0.0005447,0.000260882,0.000334664,0.000189449,0.000289776,0.000177883
20.5,16,2,0.000540069,0.000262972,0.000305126,0.000193334,0.000294657,0.000177676
20.5,16,2,0.000546496,0.000259503,0.000339771,0.00019545,0.000300937,0.000177187
20.5,16,2,0.000544813,0.000260782,0.000346997,0.000189391,0.000294131,0.00017844
20.75,16,2,0.000682986,0.000320195,0.00041693,0.000243962,0.000422281,0.000236995
20.75,16,2,0.000674493,0.00032043,0.000429356,0.000237353,0.000431836,0.000253547
20.75,16,2,0.000681203,0.000320509,0.000426233,0.000234267,0.000375061,0.000226377
20.75,16,2,0.000681254,0.000321651,0.000406452,0.000246965,0.000382159,0.000238848
20.75,16,2,0.000728439,0.00033546,0.000409282,0.000235754,0.000407132,0.000243384
21,16,2,0.000690265,0.000327504,0.000415538,0.000251436,0.000408041,0.000240926
21,16,2,0.00069653,0.000327591,0.000438217,0.000265295,0.000436643,0.000240107
21,16,2,0.000713382,0.00033041,0.000441255,0.000245313,0.000415136,0.000237848
21,16,2,0.000689484,0.00032757,0.000416693,0.000239027,0.000408876,0.000241493
21,16,2,0.000695909,0.000327545,0.000433388,0.000247754,0.000434262,0.0002505
21.25,16,2,0.000869296,0.000404718,0.000556771,0.00030398,0.000546613,0.000315251
21.25,16,2,0.00086454,0.000407842,0.000553185,0.000320504,0.000537662,0.000310638
21.25,16,2,0.000865378,0.000404808,0.000551972,0.000322677,0.000544709,0.000322458
21.25,16,2,0.000863131,0.000405113,0.000556559,0.000319415,0.000538163,0.000321131
21.25,16,2,0.000865693,0.000408213,0.000552768,0.000351351,0.00057602,0.000310655
21.5,16,2,0.00109774,0.000504423,0.000672378,0.000347256,0.000602501,0.000352888
21.5,16,2,0.00107855,0.000507876,0.000663353,0.00037526,0.000594806,0.00036006
21.5,16,2,0.00107878,0.000504649,0.000698996,0.000357732,0.000640182,0.000354036
21.5,16,2,0.00108468,0.000509691,0.000673128,0.000356992,0.000632522,0.000356546
21.5,16,2,0.00108459,0.000506036,0.00066907,0.000366173,0.000638561,0.000359126
21.75,16,2,0.0017161,0.000653813,0.000790055,0.00042952,0.000751259,0.000444268
21.75,16,2,0.00135561,0.000643611,0.000771158,0.000457623,0.000811514,0.000465354
21.75,16,2,0.00132298,0.000627427,0.00080663,0.000458624,0.000807026,0.000452752
21.75,16,2,0.00132616,0.000626701,0.000805459,0.000459423,0.000752344,0.000437857
21.75,16,2,0.00130923,0.000627078,0.000765781,0.000474792,0.000736391,0.000452438
22,16,2,0.00136167,0.000648571,0.000797225,0.00047314,0.000778755,0.000456572
22,16,2,0.00136588,0.000644353,0.000802842,0.000487486,0.000787903,0.000452867
22,16,2,0.00134302,0.00064209,0.000841958,0.000482897,0.000794604,0.000456417
22,16,2,0.0013611,0.0006467,0.000823527,0.000485257,0.000833873,0.000439762
22,16,2,0.00135716,0.00064421,0.00079237,0.000487056,0.000782566,0.000454741
22.25,16,2,0.00202371,0.000914976,0.00123532,0.000637387,0.00125364,0.000602939
22.25,16,2,0.00190309,0.000895385,0.00122405,0.0005866,0.00111631,0.000614941
22.25,16,2,0.00191107,0.000898886,0.00126755,0.000643567,0.00127751,0.000607715
22.25,16,2,0.00191289,0.000898057,0.0012393,0.0007104,0.00120169,0.000602948
22.25,16,2,0.00191039,0.000896262,0.00121583,0.000647283,0.00113941,0.000598198
22.5,16,2,0.0026925,0.0012212,0.00146568,0.000775301,0.00140733,0.000765682
22.5,16,2,0.0025772,0.00119666,0.00135993,0.000738716,0.00134208,0.000911329
22.5,16,2,0.00249969,0.00120332,0.00136595,0.000752725,0.00136941,0.000913154
22.5,16,2,0.00252365,0.00120413,0.00142494,0.000756006,0.00142075,0.00091968
22.5,16,2,0.00255783,0.00120256,0.00135485,0.000754528,0.00135313,0.000761527
22.75,16,2,0.00334927,0.00159159,0.00176818,0.00116499,0.00189481,0.0011239
22.75,16,2,0.00328849,0.00157553,0.00180941,0.0009476,0.00191401,0.00113555
22.75,16,2,0.00321824,0.00158621,0.00174049,0.00119622,0.00187298,0.00112388
22.75,16,2,0.00322344,0.00158695,0.00175324,0.00120481,0.00188017,0.00112308
22.75,16,2,0.00322243,0.00157295,0.00175833,0.00120346,0.00187778,0.0011371
23,16,2,0.00334647,0.00164239,0.00195089,0.00122043,0.00198862,0.000999065
23,16,2,0.00329978,0.00160624,0.00186289,0.00121765,0.00198509,0.00100024
23,16,2,0.00330194,0.00160619,0.00199952,0.00123858,0.00199476,0.00099466
23,16,2,0.00329642,0.00161559,0.00187437,0.00120447,0.00198032,0.00100421
23,16,2,0.00330175,0.00161364,0.0018912,0.00121578,0.0019754,0.00120261
23.25,16,2,0.00463303,0.00235339,0.00262155,0.00183175,0.00266044,0.00184855
23.25,16,2,0.00454563,0.00233648,0.00259488,0.00183022,0.00266348,0.00184854
23.25,16,2,0.00455951,0.00231636,0.00278568,0.00184651,0.00265416,0.0018514
23.25,16,2,0.00447618,0.0023246,0.00278899,0.0018731,0.00263387,0.0018586
23.25,16,2,0.00448021,0.00232707,0.00261084,0.00135125,0.00264545,0.00188997
23.5,16,2,0.00591773,0.00319321,0.00323584,0.00208739,0.00311204,0.00210454
23.5,16,2,0.00574123,0.00314797,0.00313539,0.00207806,0.00687873,0.0021293
23.5,16,2,0.00575077,0.00314277,0.00329967,0.0020836,0.00306116,0.00210044
23.5,16,2,0.00573225,0.00315921,0.00314838,0.00207603,0.00305372,0.00210418
23.5,16,2,0.00579278,0.00313953,0.00321324,0.00208056,0.00304054,0.00210886
23.75,16,2,0.00728845,0.00421214,0.00420093,0.00284352,0.00403075,0.00243808
23.75,16,2,0.00721278,0.00424522,0.00409999,0.00281799,0.00403504,0.00245732
23.75,16,2,0.00723757,0.00428646,0.00382579,0.00267971,0.00404189,0.00244988
23.75,16,2,0.00726402,0.00424646,0.00411709,0.00281188,0.00402053,0.00249733
23.75,16,2,0.00723766,0.00423485,0.00408191,0.00279984,0.00405082,0.00246427
24,16,2,0.0074855,0.00442297,0.00413177,0.00294636,0.00404387,0.00266664
24,16,2,0.00737627,0.0044012,0.00399255,0.0028147,0.00406368,0.00264704
24,16,2,0.00738622,0.00440353,0.00415984,0.00295092,0.00404938,0.00263138
24,16,2,0.00735455,0.0043964,0.00399695,0.00281924,0.00406546,0.0026471
24,16,2,0.00736177,0.00439269,0.00395445,0.00284367,0.00406998,0.00264187
24.25,16,2,0.00941535,0.00567909,0.00546775,0.00398047,0.00548403,0.00407037
24.25,16,2,0.00926494,0.0056531,0.00515747,0.003964,0.00550893,0.00406196
24.25,16,2,0.00925553,0.00561835,0.0055056,0.0040024,0.00554988,0.00407874
24.25,16,2,0.00934093,0.00562258,0.00538638,0.00396223,0.0055392,0.00406137
24.25,16,2,0.00927228,0.00561652,0.0053438,0.0039896,0.00552562,0.00406275
24.5,16,2,0.0119282,0.00744146,0.00616034,0.00482501,0.00633628,0.00479816
24.5,16,2,0.0118566,0.00738177,0.00624732,0.00456652,0.00627407,0.00469238
24.5,16,2,0.0118931,0.00743798,0.00620099,0.00485636,0.00632887,0.00478347
24.5,16,2,0.0119841,0.00741211,0.00629152,0.0045926,0.00640298,0.00469013
24.5,16,2,0.0118976,0.00745086,0.00617568,0.00482635,0.00635273,0.00453889
24.75,16,2,0.0150675,0.00948692,0.00972729,0.00561607,0.0078629,0.00611129
24.75,16,2,0.0151148,0.00958277,0.00806098,0.00595356,0.00801365,0.00607653
24.75,16,2,0.0151365,0.00959752,0.00800767,0.00557028,0.00791552,0.0061865
24.75,16,2,0.0151827,0.00958469,0.00799533,0.00605272,0.00787721,0.00606627
24.75,16,2,0.0150834,0.00959633,0.00801087,0.0055855,0.00791267,0.00618413
25,16,2,0.0154856,0.00981719,0.00808572,0.00588956,0.00788115,0.00638907
25,16,2,0.0159188,0.00972881,0.00836539,0.00607324,0.00790998,0.00611814
25,16,2,0.0154863,0.00975196,0.0082605,0.00605842,0.00789287,0.00613344
25,16,2,0.0154464,0.00973263,0.00828137,0.00603549,0.00781529,0.00638868
25,16,2,0.0153777,0.00973305,0.00830705,0.00606033,0.00787781,0.00611127
25.25,16,2,0.0193748,0.0122156,0.0113306,0.00854121,0.010916,0.00790976
25.25,16,2,0.0194099,0.0125634,0.011399,0.00846525,0.0111387,0.00803793
25.25,16,2,0.0193774,0.0124229,0.0117087,0.00793534,0.0110762,0.00792459
25.25,16,2,0.0195204,0.0125561,0.0114342,0.00845849,0.011108,0.00784902
25.25,16,2,0.0194455,0.0124313,0.0114247,0.00860505,0.0110481,0.0078486
25.5,16,2,0.0244683,0.0159068,0.0122847,0.00941972,0.0123389,0.00966591
25.5,16,2,0.0244121,0.0158279,0.0122937,0.00938097,0.0121663,0.00965727
25.5,16,2,0.024409,0.0157872,0.0122281,0.00941447,0.0123816,0.00965659
25.5,16,2,0.0243535,0.0157595,0.0121919,0.00941347,0.0123821,0.00958589
25.5,16,2,0.0245917,0.0158272,0.0123724,0.00941102,0.0127157,0.00959846
25.75,16,2,0.0305477,0.0199502,0.0162816,0.0124691,0.0162684,0.0127252
25.75,16,2,0.0306444,0.0199601,0.01605,0.0119583,0.015452,0.0127363
25.75,16,2,0.0306082,0.0199161,0.0161901,0.0119942,0.0154823,0.0126473
25.75,16,2,0.0304598,0.0200115,0.0190148,0.0126088,0.0162494,0.0127412
25.75,16,2,0.0304622,0.0199142,0.0161249,0.0120013,0.0154582,0.0127195
26,16,2,0.0312899,0.0204682,0.0160799,0.0126954,0.0161151,0.0127915
26,16,2,0.0312579,0.0204734,0.0160161,0.0123058,0.0158959,0.0123826
26,16,2,0.0313096,0.0206694,0.0162169,0.0121766,0.0162144,0.0128052
26,16,2,0.0313724,0.0205156,0.0159986,0.0122839,0.0159837,0.012382
26,16,2,0.0313356,0.0206507,0.0162087,0.0121665,0.0161547,0.0128243
26.25,16,2,0.0391462,0.0254588,0.022723,0.0165911,0.0225514,0.016869
26.25,16,2,0.0393268,0.0254282,0.022774,0.0173303,0.0227066,0.0168952
26.25,16,2,0.0391688,0.025465,0.022793,0.016587,0.0227152,0.0168272
26.25,16,2,0.039219,0.0254641,0.0227344,0.0173563,0.0226852,0.0168837
26.25,16,2,0.0391391,0.0257854,0.0231135,0.0168401,0.0229609,0.0169413
26.5,16,2,0.0494861,0.0325111,0.0244692,0.0188998,0.0246066,0.019112
26.5,16,2,0.0492282,0.0325926,0.0244874,0.0190045,0.0244312,0.0191269
26.5,16,2,0.0497404,0.032506,0.0243814,0.0189069,0.024467,0.0191082
26.5,16,2,0.0494616,0.0326211,0.024464,0.0188957,0.024693,0.0190783
26.5,16,2,0.0492029,0.0325165,0.0245985,0.0188636,0.0245605,0.0190608
26.75,16,2,0.061545,0.0408822,0.0316115,0.0242156,0.0308688,0.0253871
26.75,16,2,0.0619029,0.0408156,0.0316158,0.0241068,0.0306477,0.025441
26.75,16,2,0.0615959,0.0408601,0.0315497,0.0239672,0.030777,0.0253861
26.75,16,2,0.0615917,0.0408584,0.0315859,0.0241993,0.0308304,0.0254701
26.75,16,2,0.0615228,0.0408163,0.0315546,0.0242469,0.0305735,0.0254324
27,16,2,0.0631697,0.0418317,0.0316955,0.0243928,0.0319042,0.0251977
27,16,2,0.0635571,0.0422235,0.0315573,0.0240979,0.0313809,0.0254719
27,16,2,0.0629905,0.0419153,0.031581,0.0242542,0.0311766,0.0252692
27,16,2,0.0630152,0.042216,0.0316075,0.0247337,0.0317233,0.0253757
27,16,2,0.063477,0.0422421,0.0315852,0.024266,0.0315526,0.0253435
27.25,16,2,0.0790391,0.0523727,0.0457351,0.0342989,0.0455309,0.0346285
27.25,16,2,0.0793779,0.051938,0.0457747,0.033937,0.0455079,0.0343364
27.25,16,2,0.079011,0.0530469,0.0462365,0.0346884,0.0457722,0.0346682
27.25,16,2,0.0789501,0.0525655,0.0461065,0.034437,0.0456735,0.0345064
27.25,16,2,0.0791162,0.0530325,0.0461759,0.034489,0.0457684,0.0346321
27.5,16,2,0.0986773,0.0658716,0.0491745,0.0383635,0.0487391,0.0385662
27.5,16,2,0.0988464,0.0659205,0.0487603,0.0381772,0.04877,0.0386402
27.5,16,2,0.0987846,0.0660066,0.0488649,0.0382112,0.0489968,0.0386067
27.5,16,2,0.0988522,0.0659236,0.0492773,0.0382934,0.0487949,0.038577
27.5,16,2,0.105002,0.0660491,0.0493099,0.0384438,0.0487088,0.0386076
27.75,16,2,0.123964,0.0825323,0.061889,0.0486294,0.0610453,0.0499451
27.75,16,2,0.123908,0.0826173,0.0621705,0.0483516,0.0613365,0.0498995
27.75,16,2,0.123588,0.0826536,0.0620578,0.0483854,0.0610658,0.0496316
27.75,16,2,0.123587,0.082671,0.0620346,0.0487836,0.0611524,0.0496833
27.75,16,2,0.123949,0.0825828,0.0624987,0.0483869,0.0617599,0.0497675
